feature,importance,std
day_of_week,0.0249,0.0153
rainfall,0.0209,0.0088
lag_1d_revenue,0.0175,0.0168
lag_28d_revenue,0.0161,0.006
rolling_7d_avg_revenue,0.0028,0.0165
recent_order_count_7d,0.0026,0.005
festival_intensity,-0.0,0.0
is_festival,-0.0,0.0
month,-0.0,0.0001
is_rainy,0.0,0.0
week_of_year,-0.0002,0.0004
quarter,-0.0014,0.0003
temperature,-0.0021,0.0025
rolling_14d_avg_revenue,-0.0041,0.0069
day_of_month,-0.0065,0.024
is_weekend,-0.0089,0.0052
lag_7d_revenue,-0.0165,0.0169
lag_14d_revenue,-0.0176,0.0089
recent_aov_7d,-0.0268,0.0095
rolling_28d_avg_revenue,-0.0392,0.0122
