recommendation_id,merchant_id,type,priority,priority_band,confidence,urgency,expected_impact,entity_type,entity_id,title,action,reason,created_at,status
REC_INV_PRD_SNK_01,,RESTOCK,0.6673,MEDIUM,0.8395,0.7217343966712899,0.4905,product,PRD_SNK_01,Restock Spicy Masala Potato Chips 150g (Snacks),Order approximately 21 units to cover 7-day forecast demand of 16 units and 5 units safety stock.,"Projected 7-day demand is 16 units with daily velocity of 2.2 units/day. With an estimated 3-day supplier lead time, initiating a reorder of 21 units protects against stockouts. (Inventory data unavailable — recommendation based on forecast demand and historical sales velocity).",2026-09-26 06:00:01,GENERATED
REC_INV_PRD_SNK_02,,RESTOCK,0.6551,MEDIUM,0.8395,0.7194725692558392,0.4654,product,PRD_SNK_02,Restock Roasted Salted Almonds 200g (Snacks),Order approximately 20 units to cover 7-day forecast demand of 15 units and 5 units safety stock.,"Projected 7-day demand is 15 units with daily velocity of 2.2 units/day. With an estimated 3-day supplier lead time, initiating a reorder of 20 units protects against stockouts. (Inventory data unavailable — recommendation based on forecast demand and historical sales velocity).",2026-09-26 06:00:01,GENERATED
REC_INV_PRD_MOB_01,,RESTOCK,0.6529,MEDIUM,0.8395,0.5646594594594595,0.5872,product,PRD_MOB_01,Restock Entry-level 4G Smartphone 32GB (Mobiles),Order approximately 7 units to cover 7-day forecast demand of 4 units and 2 units safety stock.,"Projected 7-day demand is 4 units with daily velocity of 0.6 units/day. With an estimated 3-day supplier lead time, initiating a reorder of 7 units protects against stockouts. (Inventory data unavailable — recommendation based on forecast demand and historical sales velocity).",2026-09-26 06:00:01,GENERATED
REC_INV_PRD_LAP_02,,RESTOCK,0.6465,MEDIUM,0.8395,0.6503018867924528,0.495,product,PRD_LAP_02,Restock Wireless Optical Mouse 2.4GHz (Laptops),Order approximately 9 units to cover 7-day forecast demand of 6 units and 2 units safety stock.,"Projected 7-day demand is 6 units with daily velocity of 0.8 units/day. With an estimated 3-day supplier lead time, initiating a reorder of 9 units protects against stockouts. (Inventory data unavailable — recommendation based on forecast demand and historical sales velocity).",2026-09-26 06:00:01,GENERATED
REC_INV_PRD_EAR_02,,RESTOCK,0.6423,MEDIUM,0.8395,0.6315837104072398,0.4997,product,PRD_EAR_02,Restock Deep Bass Wired Earphones 3.5mm (Earphones),Order approximately 8 units to cover 7-day forecast demand of 5 units and 2 units safety stock.,"Projected 7-day demand is 5 units with daily velocity of 0.7 units/day. With an estimated 3-day supplier lead time, initiating a reorder of 8 units protects against stockouts. (Inventory data unavailable — recommendation based on forecast demand and historical sales velocity).",2026-09-26 06:00:01,GENERATED
REC_INV_PRD_ELE_01,,RESTOCK,0.6368,MEDIUM,0.8395,0.6183706004140787,0.4975,product,PRD_ELE_01,Restock Smart LED Desk Lamp 10W (Home Electronics),Order approximately 8 units to cover 7-day forecast demand of 5 units and 3 units safety stock.,"Projected 7-day demand is 5 units with daily velocity of 0.8 units/day. With an estimated 3-day supplier lead time, initiating a reorder of 8 units protects against stockouts. (Inventory data unavailable — recommendation based on forecast demand and historical sales velocity).",2026-09-26 06:00:01,GENERATED
REC_INV_PRD_CAB_01,,RESTOCK,0.6361,MEDIUM,0.8395,0.6163120879120879,0.4974,product,PRD_CAB_01,Restock Braided USB-C to USB-C Cable 1.5m (Cables),Order approximately 8 units to cover 7-day forecast demand of 4 units and 3 units safety stock.,"Projected 7-day demand is 4 units with daily velocity of 0.6 units/day. With an estimated 3-day supplier lead time, initiating a reorder of 8 units protects against stockouts. (Inventory data unavailable — recommendation based on forecast demand and historical sales velocity).",2026-09-26 06:00:01,GENERATED
REC_INV_PRD_MOB_02,,RESTOCK,0.6361,MEDIUM,0.8395,0.5242259615384616,0.5849,product,PRD_MOB_02,Restock Budget 5G Smartphone 128GB (Mobiles),Order approximately 6 units to cover 7-day forecast demand of 3 units and 3 units safety stock.,"Projected 7-day demand is 3 units with daily velocity of 0.5 units/day. With an estimated 3-day supplier lead time, initiating a reorder of 6 units protects against stockouts. (Inventory data unavailable — recommendation based on forecast demand and historical sales velocity).",2026-09-26 06:00:01,GENERATED
REC_INV_PRD_EAR_01,,RESTOCK,0.6355,MEDIUM,0.8395,0.5975693069306931,0.5117,product,PRD_EAR_01,Restock TWS True Wireless Earbuds (Earphones),Order approximately 8 units to cover 7-day forecast demand of 4 units and 3 units safety stock.,"Projected 7-day demand is 4 units with daily velocity of 0.6 units/day. With an estimated 3-day supplier lead time, initiating a reorder of 8 units protects against stockouts. (Inventory data unavailable — recommendation based on forecast demand and historical sales velocity).",2026-09-26 06:00:01,GENERATED
REC_INV_PRD_CAB_02,,RESTOCK,0.6349,MEDIUM,0.8395,0.6133473684210526,0.497,product,PRD_CAB_02,Restock Lightning Charging Cable 1m (Cables),Order approximately 8 units to cover 7-day forecast demand of 4 units and 3 units safety stock.,"Projected 7-day demand is 4 units with daily velocity of 0.6 units/day. With an estimated 3-day supplier lead time, initiating a reorder of 8 units protects against stockouts. (Inventory data unavailable — recommendation based on forecast demand and historical sales velocity).",2026-09-26 06:00:01,GENERATED
REC_INV_PRD_ELE_02,,RESTOCK,0.6325,MEDIUM,0.8395,0.6053030888030888,0.4979,product,PRD_ELE_02,Restock Electric Kettle 1.5L Stainless Steel (Home Electronics),Order approximately 7 units to cover 7-day forecast demand of 5 units and 2 units safety stock.,"Projected 7-day demand is 5 units with daily velocity of 0.6 units/day. With an estimated 3-day supplier lead time, initiating a reorder of 7 units protects against stockouts. (Inventory data unavailable — recommendation based on forecast demand and historical sales velocity).",2026-09-26 06:00:01,GENERATED
REC_INV_PRD_CHG_01,,RESTOCK,0.6304,MEDIUM,0.8395,0.6177532467532467,0.4831,product,PRD_CHG_01,Restock Fast Charger 33W USB-C Adapter (Chargers),Order approximately 8 units to cover 7-day forecast demand of 5 units and 2 units safety stock.,"Projected 7-day demand is 5 units with daily velocity of 0.7 units/day. With an estimated 3-day supplier lead time, initiating a reorder of 8 units protects against stockouts. (Inventory data unavailable — recommendation based on forecast demand and historical sales velocity).",2026-09-26 06:00:01,GENERATED
REC_INV_PRD_CAK_02,,RESTOCK,0.6296,MEDIUM,0.8395,0.636943527591542,0.4668,product,PRD_CAK_02,Restock Eggless Pineapple Cake 500g (Cakes),Order approximately 10 units to cover 7-day forecast demand of 6 units and 3 units safety stock.,"Projected 7-day demand is 6 units with daily velocity of 0.9 units/day. With an estimated 3-day supplier lead time, initiating a reorder of 10 units protects against stockouts. (Inventory data unavailable — recommendation based on forecast demand and historical sales velocity).",2026-09-26 06:00:01,GENERATED
REC_INV_PRD_HOU_01,,RESTOCK,0.627,MEDIUM,0.8395,0.6098333333333333,0.4815,product,PRD_HOU_01,Restock Microfiber Cleaning Cloth 4-Pack (Household),Order approximately 9 units to cover 7-day forecast demand of 5 units and 3 units safety stock.,"Projected 7-day demand is 5 units with daily velocity of 0.7 units/day. With an estimated 3-day supplier lead time, initiating a reorder of 9 units protects against stockouts. (Inventory data unavailable — recommendation based on forecast demand and historical sales velocity).",2026-09-26 06:00:01,GENERATED
REC_INV_PRD_PAS_02,,RESTOCK,0.6267,MEDIUM,0.8395,0.61309941089838,0.4782,product,PRD_PAS_02,Restock Choco Lava Lava Cake Single (Pastries),Order approximately 9 units to cover 7-day forecast demand of 5 units and 4 units safety stock.,"Projected 7-day demand is 5 units with daily velocity of 0.8 units/day. With an estimated 3-day supplier lead time, initiating a reorder of 9 units protects against stockouts. (Inventory data unavailable — recommendation based on forecast demand and historical sales velocity).",2026-09-26 06:00:01,GENERATED
REC_INV_PRD_LAP_01,,RESTOCK,0.6263,MEDIUM,0.8395,0.5982509652509653,0.4892,product,PRD_LAP_01,Restock Laptop Stand Aluminum Ergonomic (Laptops),Order approximately 8 units to cover 7-day forecast demand of 4 units and 3 units safety stock.,"Projected 7-day demand is 4 units with daily velocity of 0.6 units/day. With an estimated 3-day supplier lead time, initiating a reorder of 8 units protects against stockouts. (Inventory data unavailable — recommendation based on forecast demand and historical sales velocity).",2026-09-26 06:00:01,GENERATED
REC_INV_PRD_PAS_01,,RESTOCK,0.6257,MEDIUM,0.8395,0.61885960591133,0.4716,product,PRD_PAS_01,Restock Red Velvet Pastry Slice (Pastries),Order approximately 9 units to cover 7-day forecast demand of 6 units and 3 units safety stock.,"Projected 7-day demand is 6 units with daily velocity of 0.8 units/day. With an estimated 3-day supplier lead time, initiating a reorder of 9 units protects against stockouts. (Inventory data unavailable — recommendation based on forecast demand and historical sales velocity).",2026-09-26 06:00:01,GENERATED
REC_INV_PRD_ACC_02,,RESTOCK,0.625,MEDIUM,0.8395,0.6093031055900621,0.4772,product,PRD_ACC_02,Restock Fashion Sunglasses (Accessories),Order approximately 7 units to cover 7-day forecast demand of 5 units and 2 units safety stock.,"Projected 7-day demand is 5 units with daily velocity of 0.6 units/day. With an estimated 3-day supplier lead time, initiating a reorder of 7 units protects against stockouts. (Inventory data unavailable — recommendation based on forecast demand and historical sales velocity).",2026-09-26 06:00:01,GENERATED
REC_INV_PRD_CAS_01,,RESTOCK,0.6241,MEDIUM,0.8395,0.5872063492063492,0.4931,product,PRD_CAS_01,Restock Shockproof Matte Phone Case (Cases),Order approximately 7 units to cover 7-day forecast demand of 3 units and 3 units safety stock.,"Projected 7-day demand is 3 units with daily velocity of 0.5 units/day. With an estimated 3-day supplier lead time, initiating a reorder of 7 units protects against stockouts. (Inventory data unavailable — recommendation based on forecast demand and historical sales velocity).",2026-09-26 06:00:01,GENERATED
REC_INV_PRD_CAS_02,,RESTOCK,0.624,MEDIUM,0.8395,0.5870863254392666,0.4931,product,PRD_CAS_02,Restock Premium Leather Back Case (Cases),Order approximately 7 units to cover 7-day forecast demand of 4 units and 3 units safety stock.,"Projected 7-day demand is 4 units with daily velocity of 0.5 units/day. With an estimated 3-day supplier lead time, initiating a reorder of 7 units protects against stockouts. (Inventory data unavailable — recommendation based on forecast demand and historical sales velocity).",2026-09-26 06:00:01,GENERATED
REC_INV_PRD_ACC_01,,RESTOCK,0.6239,MEDIUM,0.8395,0.6268486140724947,0.4615,product,PRD_ACC_01,Restock Leather Wallet (Accessories),Order approximately 9 units to cover 7-day forecast demand of 6 units and 3 units safety stock.,"Projected 7-day demand is 6 units with daily velocity of 0.8 units/day. With an estimated 3-day supplier lead time, initiating a reorder of 9 units protects against stockouts. (Inventory data unavailable — recommendation based on forecast demand and historical sales velocity).",2026-09-26 06:00:01,GENERATED
REC_INV_PRD_CHG_02,,RESTOCK,0.6239,MEDIUM,0.8395,0.585521978021978,0.494,product,PRD_CHG_02,Restock Wireless Charging Pad 15W (Chargers),Order approximately 7 units to cover 7-day forecast demand of 4 units and 3 units safety stock.,"Projected 7-day demand is 4 units with daily velocity of 0.6 units/day. With an estimated 3-day supplier lead time, initiating a reorder of 7 units protects against stockouts. (Inventory data unavailable — recommendation based on forecast demand and historical sales velocity).",2026-09-26 06:00:01,GENERATED
REC_INV_PRD_NOT_02,,RESTOCK,0.623,MEDIUM,0.8395,0.6244270676691729,0.4612,product,PRD_NOT_02,Restock Executive PU Leather Diary (Notebooks),Order approximately 8 units to cover 7-day forecast demand of 5 units and 2 units safety stock.,"Projected 7-day demand is 5 units with daily velocity of 0.8 units/day. With an estimated 3-day supplier lead time, initiating a reorder of 8 units protects against stockouts. (Inventory data unavailable — recommendation based on forecast demand and historical sales velocity).",2026-09-26 06:00:01,GENERATED
REC_INV_PRD_HOU_02,,RESTOCK,0.6223,MEDIUM,0.8395,0.6227743842364531,0.4609,product,PRD_HOU_02,Restock Aromatherapy Reed Diffuser 100ml (Household),Order approximately 9 units to cover 7-day forecast demand of 6 units and 3 units safety stock.,"Projected 7-day demand is 6 units with daily velocity of 0.8 units/day. With an estimated 3-day supplier lead time, initiating a reorder of 9 units protects against stockouts. (Inventory data unavailable — recommendation based on forecast demand and historical sales velocity).",2026-09-26 06:00:01,GENERATED
REC_INV_PRD_DES_01,,RESTOCK,0.6213,MEDIUM,0.8395,0.6418543307086614,0.445,product,PRD_DES_01,Restock Gulab Jamun Box 500g (Desserts),Order approximately 10 units to cover 7-day forecast demand of 7 units and 3 units safety stock.,"Projected 7-day demand is 7 units with daily velocity of 1.0 units/day. With an estimated 3-day supplier lead time, initiating a reorder of 10 units protects against stockouts. (Inventory data unavailable — recommendation based on forecast demand and historical sales velocity).",2026-09-26 06:00:01,GENERATED
REC_INV_PRD_TEA_02,,RESTOCK,0.6212,MEDIUM,0.8395,0.628399217221135,0.4543,product,PRD_TEA_02,Restock Organic Darjeeling Green Tea 100g (Tea),Order approximately 8 units to cover 7-day forecast demand of 5 units and 2 units safety stock.,"Projected 7-day demand is 5 units with daily velocity of 0.8 units/day. With an estimated 3-day supplier lead time, initiating a reorder of 8 units protects against stockouts. (Inventory data unavailable — recommendation based on forecast demand and historical sales velocity).",2026-09-26 06:00:01,GENERATED
REC_INV_PRD_WRI_02,,RESTOCK,0.6176,MEDIUM,0.8395,0.6028412698412698,0.4654,product,PRD_WRI_02,Restock Permanent Whiteboard Marker Set 4s (Writing),Order approximately 8 units to cover 7-day forecast demand of 5 units and 3 units safety stock.,"Projected 7-day demand is 5 units with daily velocity of 0.7 units/day. With an estimated 3-day supplier lead time, initiating a reorder of 8 units protects against stockouts. (Inventory data unavailable — recommendation based on forecast demand and historical sales velocity).",2026-09-26 06:00:01,GENERATED
REC_INV_PRD_WRI_01,,RESTOCK,0.6146,MEDIUM,0.8395,0.6038128772635815,0.4581,product,PRD_WRI_01,Restock Gel Roller Pen Blue Pack of 5 (Writing),Order approximately 7 units to cover 7-day forecast demand of 4 units and 2 units safety stock.,"Projected 7-day demand is 4 units with daily velocity of 0.6 units/day. With an estimated 3-day supplier lead time, initiating a reorder of 7 units protects against stockouts. (Inventory data unavailable — recommendation based on forecast demand and historical sales velocity).",2026-09-26 06:00:01,GENERATED
REC_INV_PRD_OFF_01,,RESTOCK,0.6144,MEDIUM,0.8395,0.6074122807017545,0.4549,product,PRD_OFF_01,Restock Heavy Duty Desktop Stapler Set (Office Supplies),Order approximately 7 units to cover 7-day forecast demand of 4 units and 2 units safety stock.,"Projected 7-day demand is 4 units with daily velocity of 0.6 units/day. With an estimated 3-day supplier lead time, initiating a reorder of 7 units protects against stockouts. (Inventory data unavailable — recommendation based on forecast demand and historical sales velocity).",2026-09-26 06:00:01,GENERATED
REC_INV_PRD_MEN_01,,RESTOCK,0.6128,MEDIUM,0.8395,0.5911578947368421,0.4637,product,PRD_MEN_01,Restock Men Casual Slim-Fit Cotton Shirt (Men),Order approximately 6 units to cover 7-day forecast demand of 4 units and 2 units safety stock.,"Projected 7-day demand is 4 units with daily velocity of 0.5 units/day. With an estimated 3-day supplier lead time, initiating a reorder of 6 units protects against stockouts. (Inventory data unavailable — recommendation based on forecast demand and historical sales velocity).",2026-09-26 06:00:01,GENERATED
REC_INV_PRD_CAK_01,,RESTOCK,0.6105,MEDIUM,0.8395,0.5976580547112462,0.4534,product,PRD_CAK_01,Restock Dutch Chocolate Truffle Cake 500g (Cakes),Order approximately 9 units to cover 7-day forecast demand of 5 units and 4 units safety stock.,"Projected 7-day demand is 5 units with daily velocity of 0.7 units/day. With an estimated 3-day supplier lead time, initiating a reorder of 9 units protects against stockouts. (Inventory data unavailable — recommendation based on forecast demand and historical sales velocity).",2026-09-26 06:00:01,GENERATED
REC_INV_PRD_BRD_02,,RESTOCK,0.61,MEDIUM,0.8395,0.6091092750533049,0.4439,product,PRD_BRD_02,Restock Artisanal Sourdough Bread Loaf (Bread),Order approximately 9 units to cover 7-day forecast demand of 5 units and 3 units safety stock.,"Projected 7-day demand is 5 units with daily velocity of 0.8 units/day. With an estimated 3-day supplier lead time, initiating a reorder of 9 units protects against stockouts. (Inventory data unavailable — recommendation based on forecast demand and historical sales velocity).",2026-09-26 06:00:01,GENERATED
REC_INV_PRD_MEN_02,,RESTOCK,0.6097,MEDIUM,0.8395,0.5704246575342465,0.4733,product,PRD_MEN_02,Restock Men Comfort Stretch Denim Jeans (Men),Order approximately 5 units to cover 7-day forecast demand of 3 units and 2 units safety stock.,"Projected 7-day demand is 3 units with daily velocity of 0.4 units/day. With an estimated 3-day supplier lead time, initiating a reorder of 5 units protects against stockouts. (Inventory data unavailable — recommendation based on forecast demand and historical sales velocity).",2026-09-26 06:00:01,GENERATED
REC_INV_PRD_MEA_01,,RESTOCK,0.6094,MEDIUM,0.8395,0.5910357142857143,0.4562,product,PRD_MEA_01,Restock Special North Indian Thali Combo (Meals),Order approximately 6 units to cover 7-day forecast demand of 4 units and 2 units safety stock.,"Projected 7-day demand is 4 units with daily velocity of 0.5 units/day. With an estimated 3-day supplier lead time, initiating a reorder of 6 units protects against stockouts. (Inventory data unavailable — recommendation based on forecast demand and historical sales velocity).",2026-09-26 06:00:01,GENERATED
REC_INV_PRD_WEL_01,,RESTOCK,0.6091,MEDIUM,0.8395,0.628671114599686,0.4281,product,PRD_WEL_01,Restock Immunity Booster Chyawanprash 1kg (Wellness),Order approximately 8 units to cover 7-day forecast demand of 5 units and 2 units safety stock.,"Projected 7-day demand is 5 units with daily velocity of 0.7 units/day. With an estimated 3-day supplier lead time, initiating a reorder of 8 units protects against stockouts. (Inventory data unavailable — recommendation based on forecast demand and historical sales velocity).",2026-09-26 06:00:01,GENERATED
REC_INV_PRD_WOM_01,,RESTOCK,0.6082,MEDIUM,0.8395,0.5645402597402598,0.4747,product,PRD_WOM_01,Restock Women Pure Cotton Printed Kurti (Women),Order approximately 5 units to cover 7-day forecast demand of 3 units and 2 units safety stock.,"Projected 7-day demand is 3 units with daily velocity of 0.4 units/day. With an estimated 3-day supplier lead time, initiating a reorder of 5 units protects against stockouts. (Inventory data unavailable — recommendation based on forecast demand and historical sales velocity).",2026-09-26 06:00:01,GENERATED
REC_INV_PRD_PER_02,,RESTOCK,0.6073,MEDIUM,0.8395,0.5899473684210527,0.4522,product,PRD_PER_02,Restock Moisturizing Shea Body Lotion 250ml (Personal Care),Order approximately 6 units to cover 7-day forecast demand of 4 units and 2 units safety stock.,"Projected 7-day demand is 4 units with daily velocity of 0.5 units/day. With an estimated 3-day supplier lead time, initiating a reorder of 6 units protects against stockouts. (Inventory data unavailable — recommendation based on forecast demand and historical sales velocity).",2026-09-26 06:00:01,GENERATED
REC_INV_PRD_DES_02,,RESTOCK,0.606,MEDIUM,0.8395,0.5828144329896907,0.4549,product,PRD_DES_02,Restock Belgian Waffle with Syrup (Desserts),Order approximately 8 units to cover 7-day forecast demand of 4 units and 3 units safety stock.,"Projected 7-day demand is 4 units with daily velocity of 0.6 units/day. With an estimated 3-day supplier lead time, initiating a reorder of 8 units protects against stockouts. (Inventory data unavailable — recommendation based on forecast demand and historical sales velocity).",2026-09-26 06:00:01,GENERATED
REC_INV_PRD_KID_02,,RESTOCK,0.6052,MEDIUM,0.8395,0.5689617940199336,0.4641,product,PRD_KID_02,Restock Children Educational Puzzle Game (Kids),Order approximately 5 units to cover 7-day forecast demand of 3 units and 2 units safety stock.,"Projected 7-day demand is 3 units with daily velocity of 0.4 units/day. With an estimated 3-day supplier lead time, initiating a reorder of 5 units protects against stockouts. (Inventory data unavailable — recommendation based on forecast demand and historical sales velocity).",2026-09-26 06:00:01,GENERATED
REC_INV_PRD_COF_02,,RESTOCK,0.6038,MEDIUM,0.8395,0.5939137931034484,0.4416,product,PRD_COF_02,Restock Instant Cold Brew Premix 200g (Coffee),Order approximately 7 units to cover 7-day forecast demand of 4 units and 2 units safety stock.,"Projected 7-day demand is 4 units with daily velocity of 0.6 units/day. With an estimated 3-day supplier lead time, initiating a reorder of 7 units protects against stockouts. (Inventory data unavailable — recommendation based on forecast demand and historical sales velocity).",2026-09-26 06:00:01,GENERATED
REC_INV_PRD_BEV_01,,RESTOCK,0.603,MEDIUM,0.8395,0.6133367346938776,0.4258,product,PRD_BEV_01,Restock Fresh Mango Juice 1L (Beverages),Order approximately 10 units to cover 7-day forecast demand of 6 units and 3 units safety stock.,"Projected 7-day demand is 6 units with daily velocity of 0.9 units/day. With an estimated 3-day supplier lead time, initiating a reorder of 10 units protects against stockouts. (Inventory data unavailable — recommendation based on forecast demand and historical sales velocity).",2026-09-26 06:00:01,GENERATED
REC_INV_PRD_MED_01,,RESTOCK,0.6026,MEDIUM,0.8395,0.5785,0.4505,product,PRD_MED_01,Restock Paracetamol 650mg Strip of 15 (Medicine),Order approximately 6 units to cover 7-day forecast demand of 4 units and 2 units safety stock.,"Projected 7-day demand is 4 units with daily velocity of 0.5 units/day. With an estimated 3-day supplier lead time, initiating a reorder of 6 units protects against stockouts. (Inventory data unavailable — recommendation based on forecast demand and historical sales velocity).",2026-09-26 06:00:01,GENERATED
REC_INV_PRD_ART_01,,RESTOCK,0.6025,MEDIUM,0.8395,0.5990692640692641,0.4349,product,PRD_ART_01,Restock Acrylic Color Set 12-Pack (Art Supplies),Order approximately 9 units to cover 7-day forecast demand of 5 units and 4 units safety stock.,"Projected 7-day demand is 5 units with daily velocity of 0.7 units/day. With an estimated 3-day supplier lead time, initiating a reorder of 9 units protects against stockouts. (Inventory data unavailable — recommendation based on forecast demand and historical sales velocity).",2026-09-26 06:00:01,GENERATED
REC_INV_PRD_KID_01,,RESTOCK,0.6019,MEDIUM,0.8395,0.5573559718969555,0.4661,product,PRD_KID_01,Restock Kids Cotton Graphic T-Shirt (Kids),Order approximately 6 units to cover 7-day forecast demand of 3 units and 3 units safety stock.,"Projected 7-day demand is 3 units with daily velocity of 0.4 units/day. With an estimated 3-day supplier lead time, initiating a reorder of 6 units protects against stockouts. (Inventory data unavailable — recommendation based on forecast demand and historical sales velocity).",2026-09-26 06:00:01,GENERATED
REC_INV_PRD_TEA_01,,RESTOCK,0.6007,MEDIUM,0.8395,0.5862153734590283,0.4404,product,PRD_TEA_01,Restock Assam Masala CTC Chai 500g (Tea),Order approximately 8 units to cover 7-day forecast demand of 4 units and 3 units safety stock.,"Projected 7-day demand is 4 units with daily velocity of 0.6 units/day. With an estimated 3-day supplier lead time, initiating a reorder of 8 units protects against stockouts. (Inventory data unavailable — recommendation based on forecast demand and historical sales velocity).",2026-09-26 06:00:01,GENERATED
REC_INV_PRD_ESS_02,,RESTOCK,0.6,MEDIUM,0.8395,0.5803837209302326,0.4433,product,PRD_ESS_02,Restock Antibacterial Floor Cleaner 1L (Daily Essentials),Order approximately 6 units to cover 7-day forecast demand of 3 units and 2 units safety stock.,"Projected 7-day demand is 3 units with daily velocity of 0.5 units/day. With an estimated 3-day supplier lead time, initiating a reorder of 6 units protects against stockouts. (Inventory data unavailable — recommendation based on forecast demand and historical sales velocity).",2026-09-26 06:00:01,GENERATED
REC_INV_PRD_NOT_01,,RESTOCK,0.5996,MEDIUM,0.8395,0.579400974025974,0.4432,product,PRD_NOT_01,Restock Spiral Hardcover Journal 200 Pages (Notebooks),Order approximately 7 units to cover 7-day forecast demand of 4 units and 2 units safety stock.,"Projected 7-day demand is 4 units with daily velocity of 0.5 units/day. With an estimated 3-day supplier lead time, initiating a reorder of 7 units protects against stockouts. (Inventory data unavailable — recommendation based on forecast demand and historical sales velocity).",2026-09-26 06:00:01,GENERATED
REC_INV_PRD_WOM_02,,RESTOCK,0.5996,MEDIUM,0.8395,0.5408313069908814,0.4749,product,PRD_WOM_02,Restock Embroidered Rayon Anarkali Suit (Women),Order approximately 5 units to cover 7-day forecast demand of 2 units and 2 units safety stock.,"Projected 7-day demand is 2 units with daily velocity of 0.2 units/day. With an estimated 3-day supplier lead time, initiating a reorder of 5 units protects against stockouts. (Inventory data unavailable — recommendation based on forecast demand and historical sales velocity).",2026-09-26 06:00:01,GENERATED
REC_INV_PRD_ART_02,,RESTOCK,0.5987,MEDIUM,0.8395,0.5814121779859485,0.4397,product,PRD_ART_02,Restock Sketching Canvas Board 10x12 (Art Supplies),Order approximately 7 units to cover 7-day forecast demand of 4 units and 3 units safety stock.,"Projected 7-day demand is 4 units with daily velocity of 0.6 units/day. With an estimated 3-day supplier lead time, initiating a reorder of 7 units protects against stockouts. (Inventory data unavailable — recommendation based on forecast demand and historical sales velocity).",2026-09-26 06:00:01,GENERATED
REC_INV_PRD_MED_02,,RESTOCK,0.5974,MEDIUM,0.8395,0.5619936034115138,0.4518,product,PRD_MED_02,Restock Multivitamin & Minerals 30 Tablets (Medicine),Order approximately 5 units to cover 7-day forecast demand of 3 units and 2 units safety stock.,"Projected 7-day demand is 3 units with daily velocity of 0.4 units/day. With an estimated 3-day supplier lead time, initiating a reorder of 5 units protects against stockouts. (Inventory data unavailable — recommendation based on forecast demand and historical sales velocity).",2026-09-26 06:00:01,GENERATED
REC_INV_PRD_WEL_02,,RESTOCK,0.5939,MEDIUM,0.8395,0.5538088531187123,0.4506,product,PRD_WEL_02,Restock Pure Apple Cider Vinegar 500ml (Wellness),Order approximately 5 units to cover 7-day forecast demand of 3 units and 2 units safety stock.,"Projected 7-day demand is 3 units with daily velocity of 0.4 units/day. With an estimated 3-day supplier lead time, initiating a reorder of 5 units protects against stockouts. (Inventory data unavailable — recommendation based on forecast demand and historical sales velocity).",2026-09-26 06:00:01,GENERATED
REC_INV_PRD_MEA_02,,RESTOCK,0.5937,MEDIUM,0.8395,0.5532061482820977,0.4505,product,PRD_MEA_02,Restock Paneer Butter Masala Meal Box (Meals),Order approximately 6 units to cover 7-day forecast demand of 3 units and 3 units safety stock.,"Projected 7-day demand is 3 units with daily velocity of 0.4 units/day. With an estimated 3-day supplier lead time, initiating a reorder of 6 units protects against stockouts. (Inventory data unavailable — recommendation based on forecast demand and historical sales velocity).",2026-09-26 06:00:01,GENERATED
REC_INV_PRD_ESS_01,,RESTOCK,0.5928,MEDIUM,0.8395,0.5590181086519115,0.4439,product,PRD_ESS_01,Restock Organic Hand Wash 500ml (Daily Essentials),Order approximately 5 units to cover 7-day forecast demand of 3 units and 2 units safety stock.,"Projected 7-day demand is 3 units with daily velocity of 0.4 units/day. With an estimated 3-day supplier lead time, initiating a reorder of 5 units protects against stockouts. (Inventory data unavailable — recommendation based on forecast demand and historical sales velocity).",2026-09-26 06:00:01,GENERATED
REC_INV_PRD_PER_01,,RESTOCK,0.5923,MEDIUM,0.8395,0.5578095238095239,0.4437,product,PRD_PER_01,Restock Herbal Aloe Vera Face Wash 150ml (Personal Care),Order approximately 5 units to cover 7-day forecast demand of 3 units and 2 units safety stock.,"Projected 7-day demand is 3 units with daily velocity of 0.4 units/day. With an estimated 3-day supplier lead time, initiating a reorder of 5 units protects against stockouts. (Inventory data unavailable — recommendation based on forecast demand and historical sales velocity).",2026-09-26 06:00:01,GENERATED
REC_INV_PRD_BRD_01,,RESTOCK,0.5917,MEDIUM,0.8395,0.5725937046004843,0.4309,product,PRD_BRD_01,Restock Brown Whole Wheat Bread 400g (Bread),Order approximately 8 units to cover 7-day forecast demand of 4 units and 3 units safety stock.,"Projected 7-day demand is 4 units with daily velocity of 0.6 units/day. With an estimated 3-day supplier lead time, initiating a reorder of 8 units protects against stockouts. (Inventory data unavailable — recommendation based on forecast demand and historical sales velocity).",2026-09-26 06:00:01,GENERATED
REC_INV_PRD_BEV_02,,RESTOCK,0.5916,MEDIUM,0.8395,0.5808181818181819,0.4246,product,PRD_BEV_02,Restock Cold Pressed Orange Juice 500ml (Beverages),Order approximately 9 units to cover 7-day forecast demand of 5 units and 3 units safety stock.,"Projected 7-day demand is 5 units with daily velocity of 0.7 units/day. With an estimated 3-day supplier lead time, initiating a reorder of 9 units protects against stockouts. (Inventory data unavailable — recommendation based on forecast demand and historical sales velocity).",2026-09-26 06:00:01,GENERATED
REC_INV_PRD_BABY_02,,RESTOCK,0.5882,MEDIUM,0.8395,0.5642959183673469,0.4296,product,PRD_BABY_02,Restock Gentle Baby Wet Wipes 72s (Baby Care),Order approximately 7 units to cover 7-day forecast demand of 3 units and 3 units safety stock.,"Projected 7-day demand is 3 units with daily velocity of 0.5 units/day. With an estimated 3-day supplier lead time, initiating a reorder of 7 units protects against stockouts. (Inventory data unavailable — recommendation based on forecast demand and historical sales velocity).",2026-09-26 06:00:01,GENERATED
REC_INV_PRD_COF_01,,RESTOCK,0.5872,MEDIUM,0.8395,0.5576685393258427,0.4324,product,PRD_COF_01,Restock Arabica Roast Ground Coffee 250g (Coffee),Order approximately 7 units to cover 7-day forecast demand of 4 units and 3 units safety stock.,"Projected 7-day demand is 4 units with daily velocity of 0.5 units/day. With an estimated 3-day supplier lead time, initiating a reorder of 7 units protects against stockouts. (Inventory data unavailable — recommendation based on forecast demand and historical sales velocity).",2026-09-26 06:00:01,GENERATED
REC_INV_PRD_OFF_02,,RESTOCK,0.5795,MEDIUM,0.8395,0.5642674418604652,0.4109,product,PRD_OFF_02,Restock A4 Copier Paper Ream 500 Sheets (Office Supplies),Order approximately 7 units to cover 7-day forecast demand of 4 units and 3 units safety stock.,"Projected 7-day demand is 4 units with daily velocity of 0.5 units/day. With an estimated 3-day supplier lead time, initiating a reorder of 7 units protects against stockouts. (Inventory data unavailable — recommendation based on forecast demand and historical sales velocity).",2026-09-26 06:00:01,GENERATED
REC_INV_PRD_STA_01,,RESTOCK,0.5674,MEDIUM,0.8395,0.5745000000000001,0.3787,product,PRD_STA_01,Restock Premium Basmati Rice 5kg (Staples),Order approximately 7 units to cover 7-day forecast demand of 4 units and 2 units safety stock.,"Projected 7-day demand is 4 units with daily velocity of 0.6 units/day. With an estimated 3-day supplier lead time, initiating a reorder of 7 units protects against stockouts. (Inventory data unavailable — recommendation based on forecast demand and historical sales velocity).",2026-09-26 06:00:01,GENERATED
REC_INV_PRD_STA_02,,RESTOCK,0.5672,MEDIUM,0.8395,0.551689837008629,0.394,product,PRD_STA_02,Restock Sharbati Whole Wheat Atta 5kg (Staples),Order approximately 7 units to cover 7-day forecast demand of 4 units and 3 units safety stock.,"Projected 7-day demand is 4 units with daily velocity of 0.5 units/day. With an estimated 3-day supplier lead time, initiating a reorder of 7 units protects against stockouts. (Inventory data unavailable — recommendation based on forecast demand and historical sales velocity).",2026-09-26 06:00:01,GENERATED
REC_INV_PRD_DAI_02,,RESTOCK,0.5584,MEDIUM,0.8395,0.5436258879242305,0.3815,product,PRD_DAI_02,Restock Fresh Malai Paneer 200g (Dairy),Order approximately 6 units to cover 7-day forecast demand of 3 units and 2 units safety stock.,"Projected 7-day demand is 3 units with daily velocity of 0.5 units/day. With an estimated 3-day supplier lead time, initiating a reorder of 6 units protects against stockouts. (Inventory data unavailable — recommendation based on forecast demand and historical sales velocity).",2026-09-26 06:00:01,GENERATED
REC_INV_PRD_DAI_01,,RESTOCK,0.5486,LOW,0.8395,0.5424421560035056,0.3626,product,PRD_DAI_01,Restock Fresh Cow Milk Pouch 1L (Dairy),Order approximately 7 units to cover 7-day forecast demand of 4 units and 2 units safety stock.,"Projected 7-day demand is 4 units with daily velocity of 0.5 units/day. With an estimated 3-day supplier lead time, initiating a reorder of 7 units protects against stockouts. (Inventory data unavailable — recommendation based on forecast demand and historical sales velocity).",2026-09-26 06:00:01,GENERATED
REC_INV_PRD_BABY_01,,RESTOCK,0.5369,LOW,0.8395,0.4971057142857143,0.3708,product,PRD_BABY_01,Restock Baby Diaper Mega Pack (M) (Baby Care),Order approximately 5 units to cover 7-day forecast demand of 2 units and 2 units safety stock.,"Projected 7-day demand is 2 units with daily velocity of 0.2 units/day. With an estimated 3-day supplier lead time, initiating a reorder of 5 units protects against stockouts. (Inventory data unavailable — recommendation based on forecast demand and historical sales velocity).",2026-09-26 06:00:01,GENERATED
