forecast_date,predicted_revenue,lower_bound,upper_bound,model_name,model_version,generated_at
2026-09-24,38340.83,,,RandomForestRegressor,v1.0,2026-09-25 17:21:57
2026-09-25,38261.28,,,RandomForestRegressor,v1.0,2026-09-25 17:21:57
2026-09-26,41177.99,,,RandomForestRegressor,v1.0,2026-09-25 17:21:57
2026-09-27,48672.93,,,RandomForestRegressor,v1.0,2026-09-25 17:21:57
2026-09-28,39463.73,,,RandomForestRegressor,v1.0,2026-09-25 17:21:57
2026-09-29,37904.18,,,RandomForestRegressor,v1.0,2026-09-25 17:21:57
2026-09-30,40411.52,,,RandomForestRegressor,v1.0,2026-09-25 17:21:57
2026-10-01,45596.05,,,RandomForestRegressor,v1.0,2026-09-25 17:21:57
2026-10-02,42064.1,,,RandomForestRegressor,v1.0,2026-09-25 17:21:57
2026-10-03,47469.91,,,RandomForestRegressor,v1.0,2026-09-25 17:21:57
2026-10-04,50967.09,,,RandomForestRegressor,v1.0,2026-09-25 17:21:57
2026-10-05,41580.95,,,RandomForestRegressor,v1.0,2026-09-25 17:21:57
2026-10-06,40792.58,,,RandomForestRegressor,v1.0,2026-09-25 17:21:57
2026-10-07,39698.65,,,RandomForestRegressor,v1.0,2026-09-25 17:21:57
2026-10-08,42930.06,,,RandomForestRegressor,v1.0,2026-09-25 17:21:57
2026-10-09,42122.73,,,RandomForestRegressor,v1.0,2026-09-25 17:21:57
2026-10-10,48327.5,,,RandomForestRegressor,v1.0,2026-09-25 17:21:57
2026-10-11,46175.04,,,RandomForestRegressor,v1.0,2026-09-25 17:21:57
2026-10-12,40196.28,,,RandomForestRegressor,v1.0,2026-09-25 17:21:57
2026-10-13,38013.08,,,RandomForestRegressor,v1.0,2026-09-25 17:21:57
2026-10-14,39069.04,,,RandomForestRegressor,v1.0,2026-09-25 17:21:57
2026-10-15,42723.51,,,RandomForestRegressor,v1.0,2026-09-25 17:21:57
2026-10-16,45855.06,,,RandomForestRegressor,v1.0,2026-09-25 17:21:57
2026-10-17,48361.67,,,RandomForestRegressor,v1.0,2026-09-25 17:21:57
2026-10-18,46826.27,,,RandomForestRegressor,v1.0,2026-09-25 17:21:58
2026-10-19,37160.49,,,RandomForestRegressor,v1.0,2026-09-25 17:21:58
2026-10-20,37883.54,,,RandomForestRegressor,v1.0,2026-09-25 17:21:58
2026-10-21,39417.95,,,RandomForestRegressor,v1.0,2026-09-25 17:21:58
2026-10-22,43072.38,,,RandomForestRegressor,v1.0,2026-09-25 17:21:58
2026-10-23,45125.6,,,RandomForestRegressor,v1.0,2026-09-25 17:21:58
