date,metric,value,baseline,deviation,method,status
2025-10-01,net_amount,30408.42,30408.42,0.0,IQR,normal
2025-10-02,net_amount,30465.07,30436.74,28.33,IQR,normal
2025-10-03,net_amount,35731.25,30465.07,5266.18,IQR,normal
2025-10-04,net_amount,88550.95,33098.16,55452.79,IQR,unusually_high
2025-10-05,net_amount,30265.95,30465.07,-199.12,IQR,normal
2025-10-06,net_amount,41174.33,33098.16,8076.17,IQR,normal
2025-10-07,net_amount,40479.89,35731.25,4748.64,IQR,normal
2025-10-08,net_amount,22057.56,35731.25,-13673.69,IQR,normal
2025-10-09,net_amount,47392.32,40479.89,6912.43,IQR,normal
2025-10-10,net_amount,46890.3,41174.33,5715.97,IQR,normal
2025-10-11,net_amount,36211.09,40479.89,-4268.8,IQR,normal
2025-10-12,net_amount,42487.92,41174.33,1313.59,IQR,normal
2025-10-13,net_amount,22713.83,40479.89,-17766.06,IQR,normal
2025-10-14,net_amount,42899.69,42487.92,411.77,IQR,normal
2025-10-15,net_amount,37413.86,42487.92,-5074.06,IQR,normal
2025-10-16,net_amount,67314.01,42487.92,24826.09,IQR,normal
2025-10-17,net_amount,67781.51,42487.92,25293.59,IQR,normal
2025-10-18,net_amount,35153.12,42487.92,-7334.8,IQR,normal
2025-10-19,net_amount,82899.08,42899.69,39999.39,IQR,normal
2025-10-20,net_amount,27272.78,42899.69,-15626.91,IQR,normal
2025-10-21,net_amount,36840.68,37413.86,-573.18,IQR,normal
2025-10-22,net_amount,20301.25,36840.68,-16539.43,IQR,normal
2025-10-23,net_amount,22854.15,35153.12,-12298.97,IQR,normal
2025-10-24,net_amount,25088.73,27272.78,-2184.05,IQR,normal
2025-10-25,net_amount,24308.58,25088.73,-780.15,IQR,normal
2025-10-26,net_amount,62843.63,25088.73,37754.9,IQR,normal
2025-10-27,net_amount,39406.0,25088.73,14317.27,IQR,normal
2025-10-28,net_amount,26846.4,25088.73,1757.67,IQR,normal
2025-10-29,net_amount,47013.98,26846.4,20167.58,IQR,normal
2025-10-30,net_amount,24109.48,26846.4,-2736.92,IQR,normal
2025-10-31,net_amount,30878.99,30878.99,0.0,IQR,normal
2025-11-01,net_amount,47198.42,39406.0,7792.42,IQR,normal
2025-11-02,net_amount,49394.38,39406.0,9988.38,IQR,normal
2025-11-03,net_amount,29919.11,30878.99,-959.88,IQR,normal
2025-11-04,net_amount,48056.11,47013.98,1042.13,IQR,normal
2025-11-05,net_amount,26930.11,30878.99,-3948.88,IQR,normal
2025-11-06,net_amount,28763.21,30878.99,-2115.78,IQR,normal
2025-11-07,net_amount,102439.54,47198.42,55241.12,IQR,unusually_high
2025-11-08,net_amount,53676.34,48056.11,5620.23,IQR,normal
2025-11-09,net_amount,41218.98,41218.98,0.0,IQR,normal
2025-11-10,net_amount,34585.86,41218.98,-6633.12,IQR,normal
2025-11-11,net_amount,50425.27,41218.98,9206.29,IQR,normal
2025-11-12,net_amount,71522.92,50425.27,21097.65,IQR,normal
2025-11-13,net_amount,16515.66,50425.27,-33909.61,IQR,normal
2025-11-14,net_amount,60481.85,50425.27,10056.58,IQR,normal
2025-11-15,net_amount,72610.69,50425.27,22185.42,IQR,normal
2025-11-16,net_amount,20833.47,50425.27,-29591.8,IQR,normal
2025-11-17,net_amount,8716.33,50425.27,-41708.94,IQR,normal
2025-11-18,net_amount,29419.21,29419.21,0.0,IQR,normal
2025-11-19,net_amount,60608.48,29419.21,31189.27,IQR,normal
2025-11-20,net_amount,36130.78,36130.78,0.0,IQR,normal
2025-11-21,net_amount,64068.63,36130.78,27937.85,IQR,normal
2025-11-22,net_amount,59282.1,36130.78,23151.32,IQR,normal
2025-11-23,net_amount,30685.02,36130.78,-5445.76,IQR,normal
2025-11-24,net_amount,40455.08,40455.08,0.0,IQR,normal
2025-11-25,net_amount,23447.13,40455.08,-17007.95,IQR,normal
2025-11-26,net_amount,32711.15,36130.78,-3419.63,IQR,normal
2025-11-27,net_amount,18360.26,32711.15,-14350.89,IQR,normal
2025-11-28,net_amount,21178.02,30685.02,-9507.0,IQR,normal
2025-11-29,net_amount,17201.93,23447.13,-6245.2,IQR,normal
2025-11-30,net_amount,48556.01,23447.13,25108.88,IQR,normal
2025-12-01,net_amount,52156.41,23447.13,28709.28,IQR,normal
2025-12-02,net_amount,79499.74,32711.15,46788.59,IQR,normal
2025-12-03,net_amount,39905.63,39905.63,0.0,IQR,normal
2025-12-04,net_amount,86203.08,48556.01,37647.07,IQR,normal
2025-12-05,net_amount,25411.44,48556.01,-23144.57,IQR,normal
2025-12-06,net_amount,43360.58,48556.01,-5195.43,IQR,normal
2025-12-07,net_amount,57277.46,52156.41,5121.05,IQR,normal
2025-12-08,net_amount,39155.55,43360.58,-4205.03,IQR,normal
2025-12-09,net_amount,29462.91,39905.63,-10442.72,IQR,normal
2025-12-10,net_amount,29785.32,39155.55,-9370.23,IQR,normal
2025-12-11,net_amount,54903.05,39155.55,15747.5,IQR,normal
2025-12-12,net_amount,51201.34,43360.58,7840.76,IQR,normal
2025-12-13,net_amount,51645.96,51201.34,444.62,IQR,normal
2025-12-14,net_amount,27581.23,39155.55,-11574.32,IQR,normal
2025-12-15,net_amount,37007.61,37007.61,0.0,IQR,normal
2025-12-16,net_amount,36515.5,37007.61,-492.11,IQR,normal
2025-12-17,net_amount,43763.09,43763.09,0.0,IQR,normal
2025-12-18,net_amount,27394.97,37007.61,-9612.64,IQR,normal
2025-12-19,net_amount,72152.57,37007.61,35144.96,IQR,normal
2025-12-20,net_amount,76939.48,37007.61,39931.87,IQR,normal
2025-12-21,net_amount,41178.49,41178.49,0.0,IQR,normal
2025-12-22,net_amount,73124.76,43763.09,29361.67,IQR,normal
2025-12-23,net_amount,40035.91,43763.09,-3727.18,IQR,normal
2025-12-24,net_amount,73571.17,72152.57,1418.6,IQR,normal
2025-12-25,net_amount,28492.91,72152.57,-43659.66,IQR,normal
2025-12-26,net_amount,23114.45,41178.49,-18064.04,IQR,normal
2025-12-27,net_amount,18150.82,40035.91,-21885.09,IQR,normal
2025-12-28,net_amount,54149.97,40035.91,14114.06,IQR,normal
2025-12-29,net_amount,27374.66,28492.91,-1118.25,IQR,normal
2025-12-30,net_amount,29156.87,28492.91,663.96,IQR,normal
2025-12-31,net_amount,50483.55,28492.91,21990.64,IQR,normal
2026-01-01,net_amount,88510.71,29156.87,59353.84,IQR,unusually_high
2026-01-02,net_amount,36506.97,36506.97,0.0,IQR,normal
2026-01-03,net_amount,67743.97,50483.55,17260.42,IQR,normal
2026-01-04,net_amount,65212.72,50483.55,14729.17,IQR,normal
2026-01-05,net_amount,49666.88,50483.55,-816.67,IQR,normal
2026-01-06,net_amount,21267.98,50483.55,-29215.57,IQR,normal
2026-01-07,net_amount,59710.97,59710.97,0.0,IQR,normal
2026-01-08,net_amount,46083.73,49666.88,-3583.15,IQR,normal
2026-01-09,net_amount,28953.57,49666.88,-20713.31,IQR,normal
2026-01-10,net_amount,37473.04,46083.73,-8610.69,IQR,normal
2026-01-11,net_amount,49099.81,46083.73,3016.08,IQR,normal
2026-01-12,net_amount,29388.69,37473.04,-8084.35,IQR,normal
2026-01-13,net_amount,43674.46,43674.46,0.0,IQR,normal
2026-01-14,net_amount,24441.67,37473.04,-13031.37,IQR,normal
2026-01-15,net_amount,37389.21,37389.21,0.0,IQR,normal
2026-01-16,net_amount,66268.2,37473.04,28795.16,IQR,normal
2026-01-17,net_amount,57370.12,43674.46,13695.66,IQR,normal
2026-01-18,net_amount,45011.38,43674.46,1336.92,IQR,normal
2026-01-19,net_amount,43885.88,43885.88,0.0,IQR,normal
2026-01-20,net_amount,36272.54,43885.88,-7613.34,IQR,normal
2026-01-21,net_amount,41023.97,43885.88,-2861.91,IQR,normal
2026-01-22,net_amount,26934.04,43885.88,-16951.84,IQR,normal
2026-01-23,net_amount,22507.64,41023.97,-18516.33,IQR,normal
2026-01-24,net_amount,54160.05,41023.97,13136.08,IQR,normal
2026-01-25,net_amount,45189.71,41023.97,4165.74,IQR,normal
2026-01-26,net_amount,57112.04,41023.97,16088.07,IQR,normal
2026-01-27,net_amount,43508.23,43508.23,0.0,IQR,normal
2026-01-28,net_amount,32841.57,43508.23,-10666.66,IQR,normal
2026-01-29,net_amount,35051.62,43508.23,-8456.61,IQR,normal
2026-01-30,net_amount,59334.57,45189.71,14144.86,IQR,normal
2026-01-31,net_amount,42184.01,43508.23,-1324.22,IQR,normal
2026-02-01,net_amount,29354.79,42184.01,-12829.22,IQR,normal
2026-02-02,net_amount,42679.23,42184.01,495.22,IQR,normal
2026-02-03,net_amount,54909.84,42184.01,12725.83,IQR,normal
2026-02-04,net_amount,52162.37,42679.23,9483.14,IQR,normal
2026-02-05,net_amount,16264.55,42679.23,-26414.68,IQR,normal
2026-02-06,net_amount,42369.41,42369.41,0.0,IQR,normal
2026-02-07,net_amount,57574.42,42679.23,14895.19,IQR,normal
2026-02-08,net_amount,39828.16,42679.23,-2851.07,IQR,normal
2026-02-09,net_amount,51975.45,51975.45,0.0,IQR,normal
2026-02-10,net_amount,55911.85,51975.45,3936.4,IQR,normal
2026-02-11,net_amount,13831.98,42369.41,-28537.43,IQR,normal
2026-02-12,net_amount,64279.17,51975.45,12303.72,IQR,normal
2026-02-13,net_amount,18967.51,51975.45,-33007.94,IQR,normal
2026-02-14,net_amount,36149.19,39828.16,-3678.97,IQR,normal
2026-02-15,net_amount,22534.8,36149.19,-13614.39,IQR,normal
2026-02-16,net_amount,41616.08,36149.19,5466.89,IQR,normal
2026-02-17,net_amount,48466.89,36149.19,12317.7,IQR,normal
2026-02-18,net_amount,24909.31,36149.19,-11239.88,IQR,normal
2026-02-19,net_amount,27522.78,27522.78,0.0,IQR,normal
2026-02-20,net_amount,33994.43,33994.43,0.0,IQR,normal
2026-02-21,net_amount,41548.48,33994.43,7554.05,IQR,normal
2026-02-22,net_amount,36831.06,36831.06,0.0,IQR,normal
2026-02-23,net_amount,45469.34,36831.06,8638.28,IQR,normal
2026-02-24,net_amount,34062.3,34062.3,0.0,IQR,normal
2026-02-25,net_amount,24467.17,34062.3,-9595.13,IQR,normal
2026-02-26,net_amount,73732.89,36831.06,36901.83,IQR,normal
2026-02-27,net_amount,72566.48,41548.48,31018.0,IQR,normal
2026-02-28,net_amount,30863.64,36831.06,-5967.42,IQR,normal
2026-03-01,net_amount,66706.24,45469.34,21236.9,IQR,normal
2026-03-02,net_amount,61826.9,61826.9,0.0,IQR,normal
2026-03-03,net_amount,77376.18,66706.24,10669.94,IQR,normal
2026-03-04,net_amount,64435.95,66706.24,-2270.29,IQR,normal
2026-03-05,net_amount,58174.44,64435.95,-6261.51,IQR,normal
2026-03-06,net_amount,30238.06,61826.9,-31588.84,IQR,normal
2026-03-07,net_amount,45569.78,61826.9,-16257.12,IQR,normal
2026-03-08,net_amount,56043.24,58174.44,-2131.2,IQR,normal
2026-03-09,net_amount,30323.02,56043.24,-25720.22,IQR,normal
2026-03-10,net_amount,21993.06,45569.78,-23576.72,IQR,normal
2026-03-11,net_amount,26508.99,30323.02,-3814.03,IQR,normal
2026-03-12,net_amount,61351.57,30323.02,31028.55,IQR,normal
2026-03-13,net_amount,54477.65,45569.78,8907.87,IQR,normal
2026-03-14,net_amount,52468.25,52468.25,0.0,IQR,normal
2026-03-15,net_amount,33303.22,33303.22,0.0,IQR,normal
2026-03-16,net_amount,40776.28,40776.28,0.0,IQR,normal
2026-03-17,net_amount,53628.01,52468.25,1159.76,IQR,normal
2026-03-18,net_amount,44052.25,52468.25,-8416.0,IQR,normal
2026-03-19,net_amount,50319.36,50319.36,0.0,IQR,normal
2026-03-20,net_amount,40839.55,44052.25,-3212.7,IQR,normal
2026-03-21,net_amount,28507.23,40839.55,-12332.32,IQR,normal
2026-03-22,net_amount,49339.07,44052.25,5286.82,IQR,normal
2026-03-23,net_amount,33571.07,44052.25,-10481.18,IQR,normal
2026-03-24,net_amount,28698.25,40839.55,-12141.3,IQR,normal
2026-03-25,net_amount,69612.32,40839.55,28772.77,IQR,normal
2026-03-26,net_amount,28306.68,33571.07,-5264.39,IQR,normal
2026-03-27,net_amount,29717.23,29717.23,0.0,IQR,normal
2026-03-28,net_amount,45234.78,33571.07,11663.71,IQR,normal
2026-03-29,net_amount,45440.87,33571.07,11869.8,IQR,normal
2026-03-30,net_amount,21631.62,29717.23,-8085.61,IQR,normal
2026-03-31,net_amount,66938.95,45234.78,21704.17,IQR,normal
2026-04-01,net_amount,29536.71,29717.23,-180.52,IQR,normal
2026-04-02,net_amount,72116.11,45234.78,26881.33,IQR,normal
2026-04-03,net_amount,27706.98,45234.78,-17527.8,IQR,normal
2026-04-04,net_amount,44056.03,44056.03,0.0,IQR,normal
2026-04-05,net_amount,57474.01,44056.03,13417.98,IQR,normal
2026-04-06,net_amount,64397.12,57474.01,6923.11,IQR,normal
2026-04-07,net_amount,32032.72,44056.03,-12023.31,IQR,normal
2026-04-08,net_amount,57196.61,57196.61,0.0,IQR,normal
2026-04-09,net_amount,39378.6,44056.03,-4677.43,IQR,normal
2026-04-10,net_amount,36902.51,44056.03,-7153.52,IQR,normal
2026-04-11,net_amount,38480.65,39378.6,-897.95,IQR,normal
2026-04-12,net_amount,41416.69,39378.6,2038.09,IQR,normal
2026-04-13,net_amount,35623.27,38480.65,-2857.38,IQR,normal
2026-04-14,net_amount,42859.23,39378.6,3480.63,IQR,normal
2026-04-15,net_amount,22068.82,38480.65,-16411.83,IQR,normal
2026-04-16,net_amount,40367.03,38480.65,1886.38,IQR,normal
2026-04-17,net_amount,28734.0,38480.65,-9746.65,IQR,normal
2026-04-18,net_amount,39460.19,39460.19,0.0,IQR,normal
2026-04-19,net_amount,28881.21,35623.27,-6742.06,IQR,normal
2026-04-20,net_amount,35349.4,35349.4,0.0,IQR,normal
2026-04-21,net_amount,31583.66,31583.66,0.0,IQR,normal
2026-04-22,net_amount,26715.44,31583.66,-4868.22,IQR,normal
2026-04-23,net_amount,23298.84,28881.21,-5582.37,IQR,normal
2026-04-24,net_amount,44410.64,31583.66,12826.98,IQR,normal
2026-04-25,net_amount,30075.36,30075.36,0.0,IQR,normal
2026-04-26,net_amount,26260.3,30075.36,-3815.06,IQR,normal
2026-04-27,net_amount,27541.3,27541.3,0.0,IQR,normal
2026-04-28,net_amount,28466.33,27541.3,925.03,IQR,normal
2026-04-29,net_amount,17677.48,27541.3,-9863.82,IQR,normal
2026-04-30,net_amount,27587.37,27587.37,0.0,IQR,normal
2026-05-01,net_amount,37550.26,27587.37,9962.89,IQR,normal
2026-05-02,net_amount,37126.51,27587.37,9539.14,IQR,normal
2026-05-03,net_amount,56301.27,28466.33,27834.94,IQR,normal
2026-05-04,net_amount,33330.03,33330.03,0.0,IQR,normal
2026-05-05,net_amount,41596.19,37126.51,4469.68,IQR,normal
2026-05-06,net_amount,68812.14,37550.26,31261.88,IQR,normal
2026-05-07,net_amount,50695.52,41596.19,9099.33,IQR,normal
2026-05-08,net_amount,41914.74,41914.74,0.0,IQR,normal
2026-05-09,net_amount,48900.99,48900.99,0.0,IQR,normal
2026-05-10,net_amount,51921.63,48900.99,3020.64,IQR,normal
2026-05-11,net_amount,48135.84,48900.99,-765.15,IQR,normal
2026-05-12,net_amount,33718.07,48900.99,-15182.92,IQR,normal
2026-05-13,net_amount,42460.24,48135.84,-5675.6,IQR,normal
2026-05-14,net_amount,27565.25,42460.24,-14894.99,IQR,normal
2026-05-15,net_amount,49150.09,48135.84,1014.25,IQR,normal
2026-05-16,net_amount,77569.41,48135.84,29433.57,IQR,normal
2026-05-17,net_amount,35833.28,42460.24,-6626.96,IQR,normal
2026-05-18,net_amount,35268.45,35833.28,-564.83,IQR,normal
2026-05-19,net_amount,35483.48,35833.28,-349.8,IQR,normal
2026-05-20,net_amount,43755.84,35833.28,7922.56,IQR,normal
2026-05-21,net_amount,45001.35,43755.84,1245.51,IQR,normal
2026-05-22,net_amount,50417.63,43755.84,6661.79,IQR,normal
2026-05-23,net_amount,46276.19,43755.84,2520.35,IQR,normal
2026-05-24,net_amount,44752.15,44752.15,0.0,IQR,normal
2026-05-25,net_amount,31581.53,44752.15,-13170.62,IQR,normal
2026-05-26,net_amount,20529.13,44752.15,-24223.02,IQR,normal
2026-05-27,net_amount,69919.22,45001.35,24917.87,IQR,normal
2026-05-28,net_amount,77383.91,46276.19,31107.72,IQR,normal
2026-05-29,net_amount,30149.57,44752.15,-14602.58,IQR,normal
2026-05-30,net_amount,44804.02,44752.15,51.87,IQR,normal
2026-05-31,net_amount,38273.51,38273.51,0.0,IQR,normal
2026-06-01,net_amount,31092.76,38273.51,-7180.75,IQR,normal
2026-06-02,net_amount,30308.16,38273.51,-7965.35,IQR,normal
2026-06-03,net_amount,64888.13,38273.51,26614.62,IQR,normal
2026-06-04,net_amount,39498.46,38273.51,1224.95,IQR,normal
2026-06-05,net_amount,31216.07,38273.51,-7057.44,IQR,normal
2026-06-06,net_amount,55215.42,38273.51,16941.91,IQR,normal
2026-06-07,net_amount,36220.7,36220.7,0.0,IQR,normal
2026-06-08,net_amount,31123.02,36220.7,-5097.68,IQR,normal
2026-06-09,net_amount,30726.96,36220.7,-5493.74,IQR,normal
2026-06-10,net_amount,22788.09,31216.07,-8427.98,IQR,normal
2026-06-11,net_amount,34013.75,31216.07,2797.68,IQR,normal
2026-06-12,net_amount,15202.92,31123.02,-15920.1,IQR,normal
2026-06-13,net_amount,59566.07,31123.02,28443.05,IQR,normal
2026-06-14,net_amount,56828.02,31123.02,25705.0,IQR,normal
2026-06-15,net_amount,38219.25,34013.75,4205.5,IQR,normal
2026-06-16,net_amount,69157.29,38219.25,30938.04,IQR,normal
2026-06-17,net_amount,45646.62,45646.62,0.0,IQR,normal
2026-06-18,net_amount,45480.72,45646.62,-165.9,IQR,normal
2026-06-19,net_amount,32480.7,45646.62,-13165.92,IQR,normal
2026-06-20,net_amount,23291.29,45480.72,-22189.43,IQR,normal
2026-06-21,net_amount,36945.79,38219.25,-1273.46,IQR,normal
2026-06-22,net_amount,63597.58,45480.72,18116.86,IQR,normal
2026-06-23,net_amount,48395.75,45480.72,2915.03,IQR,normal
2026-06-24,net_amount,43664.89,43664.89,0.0,IQR,normal
2026-06-25,net_amount,29067.41,36945.79,-7878.38,IQR,normal
2026-06-26,net_amount,50689.65,43664.89,7024.76,IQR,normal
2026-06-27,net_amount,51390.17,48395.75,2994.42,IQR,normal
2026-06-28,net_amount,43378.97,48395.75,-5016.78,IQR,normal
2026-06-29,net_amount,35978.72,43664.89,-7686.17,IQR,normal
2026-06-30,net_amount,22631.85,43378.97,-20747.12,IQR,normal
2026-07-01,net_amount,73564.24,43378.97,30185.27,IQR,normal
2026-07-02,net_amount,39193.14,43378.97,-4185.83,IQR,normal
2026-07-03,net_amount,58454.22,43378.97,15075.25,IQR,normal
2026-07-04,net_amount,85444.63,43378.97,42065.66,IQR,normal
2026-07-05,net_amount,60678.3,58454.22,2224.08,IQR,normal
2026-07-06,net_amount,40003.49,58454.22,-18450.73,IQR,normal
2026-07-07,net_amount,84038.22,60678.3,23359.92,IQR,normal
2026-07-08,net_amount,51732.49,58454.22,-6721.73,IQR,normal
2026-07-09,net_amount,48348.86,58454.22,-10105.36,IQR,normal
2026-07-10,net_amount,56319.08,56319.08,0.0,IQR,normal
2026-07-11,net_amount,51844.47,51844.47,0.0,IQR,normal
2026-07-12,net_amount,66094.77,51844.47,14250.3,IQR,normal
2026-07-13,net_amount,34951.96,51844.47,-16892.51,IQR,normal
2026-07-14,net_amount,50406.67,51732.49,-1325.82,IQR,normal
2026-07-15,net_amount,41127.36,50406.67,-9279.31,IQR,normal
2026-07-16,net_amount,32628.27,50406.67,-17778.4,IQR,normal
2026-07-17,net_amount,52773.23,50406.67,2366.56,IQR,normal
2026-07-18,net_amount,22386.89,41127.36,-18740.47,IQR,normal
2026-07-19,net_amount,40738.42,40738.42,0.0,IQR,normal
2026-07-20,net_amount,44332.65,41127.36,3205.29,IQR,normal
2026-07-21,net_amount,49068.01,41127.36,7940.65,IQR,normal
2026-07-22,net_amount,27560.64,40738.42,-13177.78,IQR,normal
2026-07-23,net_amount,59675.02,44332.65,15342.37,IQR,normal
2026-07-24,net_amount,79956.8,44332.65,35624.15,IQR,normal
2026-07-25,net_amount,46229.75,46229.75,0.0,IQR,normal
2026-07-26,net_amount,37967.16,46229.75,-8262.59,IQR,normal
2026-07-27,net_amount,40601.28,46229.75,-5628.47,IQR,normal
2026-07-28,net_amount,33434.29,40601.28,-7166.99,IQR,normal
2026-07-29,net_amount,29474.93,40601.28,-11126.35,IQR,normal
2026-07-30,net_amount,75025.43,40601.28,34424.15,IQR,normal
2026-07-31,net_amount,55834.81,40601.28,15233.53,IQR,normal
2026-08-01,net_amount,51449.42,40601.28,10848.14,IQR,normal
2026-08-02,net_amount,40506.26,40601.28,-95.02,IQR,normal
2026-08-03,net_amount,39317.21,40506.26,-1189.05,IQR,normal
2026-08-04,net_amount,60468.41,51449.42,9018.99,IQR,normal
2026-08-05,net_amount,37644.04,51449.42,-13805.38,IQR,normal
2026-08-06,net_amount,45967.8,45967.8,0.0,IQR,normal
2026-08-07,net_amount,19967.4,40506.26,-20538.86,IQR,normal
2026-08-08,net_amount,58469.94,40506.26,17963.68,IQR,normal
2026-08-09,net_amount,62276.11,45967.8,16308.31,IQR,normal
2026-08-10,net_amount,37641.69,45967.8,-8326.11,IQR,normal
2026-08-11,net_amount,23550.52,37644.04,-14093.52,IQR,normal
2026-08-12,net_amount,58584.29,45967.8,12616.49,IQR,normal
2026-08-13,net_amount,57701.32,57701.32,0.0,IQR,normal
2026-08-14,net_amount,52541.08,57701.32,-5160.24,IQR,normal
2026-08-15,net_amount,63297.92,57701.32,5596.6,IQR,normal
2026-08-16,net_amount,46484.49,52541.08,-6056.59,IQR,normal
2026-08-17,net_amount,65724.14,57701.32,8022.82,IQR,normal
2026-08-18,net_amount,49559.04,57701.32,-8142.28,IQR,normal
2026-08-19,net_amount,28822.61,52541.08,-23718.47,IQR,normal
2026-08-20,net_amount,38926.52,49559.04,-10632.52,IQR,normal
2026-08-21,net_amount,29544.54,46484.49,-16939.95,IQR,normal
2026-08-22,net_amount,30138.17,38926.52,-8788.35,IQR,normal
2026-08-23,net_amount,47290.67,38926.52,8364.15,IQR,normal
2026-08-24,net_amount,22031.23,30138.17,-8106.94,IQR,normal
2026-08-25,net_amount,49145.75,30138.17,19007.58,IQR,normal
2026-08-26,net_amount,53536.22,38926.52,14609.7,IQR,normal
2026-08-27,net_amount,63801.31,47290.67,16510.64,IQR,normal
2026-08-28,net_amount,45122.37,47290.67,-2168.3,IQR,normal
2026-08-29,net_amount,55077.43,49145.75,5931.68,IQR,normal
2026-08-30,net_amount,30920.63,49145.75,-18225.12,IQR,normal
2026-08-31,net_amount,60434.99,53536.22,6898.77,IQR,normal
2026-09-01,net_amount,57487.96,55077.43,2410.53,IQR,normal
2026-09-02,net_amount,33462.15,55077.43,-21615.28,IQR,normal
2026-09-03,net_amount,50330.75,50330.75,0.0,IQR,normal
2026-09-04,net_amount,21796.59,50330.75,-28534.16,IQR,normal
2026-09-05,net_amount,44443.79,44443.79,0.0,IQR,normal
2026-09-06,net_amount,44107.38,44443.79,-336.41,IQR,normal
2026-09-07,net_amount,25675.71,44107.38,-18431.67,IQR,normal
2026-09-08,net_amount,31908.16,33462.15,-1553.99,IQR,normal
2026-09-09,net_amount,37151.23,37151.23,0.0,IQR,normal
2026-09-10,net_amount,30147.38,31908.16,-1760.78,IQR,normal
2026-09-11,net_amount,63289.69,37151.23,26138.46,IQR,normal
2026-09-12,net_amount,53875.47,37151.23,16724.24,IQR,normal
2026-09-13,net_amount,36858.98,36858.98,0.0,IQR,normal
2026-09-14,net_amount,16741.81,36858.98,-20117.17,IQR,normal
2026-09-15,net_amount,51213.74,37151.23,14062.51,IQR,normal
2026-09-16,net_amount,59515.54,51213.74,8301.8,IQR,normal
2026-09-17,net_amount,27380.74,51213.74,-23833.0,IQR,normal
2026-09-18,net_amount,39411.87,39411.87,0.0,IQR,normal
2026-09-19,net_amount,37086.89,37086.89,0.0,IQR,normal
2026-09-20,net_amount,46449.68,39411.87,7037.81,IQR,normal
2026-09-21,net_amount,70394.35,46449.68,23944.67,IQR,normal
2026-09-22,net_amount,25937.29,39411.87,-13474.58,IQR,normal
2026-09-23,net_amount,49365.04,39411.87,9953.17,IQR,normal
