cohort_month,cohort_size,M1,M2,M3,M4,M5,M6,M7,M8,M9,M10,M11
2025-10,716.0,144.0,154.0,145.0,141.0,154.0,137.0,168.0,137.0,152.0,157.0,104.0
2025-11,599.0,127.0,128.0,114.0,129.0,132.0,138.0,107.0,130.0,124.0,110.0,0.0
2025-12,524.0,121.0,123.0,107.0,110.0,104.0,104.0,136.0,129.0,89.0,0.0,0.0
2026-01,365.0,75.0,93.0,73.0,86.0,80.0,100.0,92.0,53.0,0.0,0.0,0.0
2026-02,239.0,63.0,48.0,54.0,45.0,56.0,60.0,41.0,0.0,0.0,0.0,0.0
2026-03,211.0,39.0,52.0,49.0,54.0,42.0,43.0,0.0,0.0,0.0,0.0,0.0
2026-04,171.0,35.0,40.0,37.0,42.0,21.0,0.0,0.0,0.0,0.0,0.0,0.0
2026-05,172.0,46.0,42.0,33.0,35.0,0.0,0.0,0.0,0.0,0.0,0.0,0.0
2026-06,109.0,22.0,22.0,24.0,0.0,0.0,0.0,0.0,0.0,0.0,0.0,0.0
2026-07,86.0,24.0,13.0,0.0,0.0,0.0,0.0,0.0,0.0,0.0,0.0,0.0
2026-08,73.0,10.0,0.0,0.0,0.0,0.0,0.0,0.0,0.0,0.0,0.0,0.0
2026-09,43.0,0.0,0.0,0.0,0.0,0.0,0.0,0.0,0.0,0.0,0.0,0.0
