product_category,category_revenue,category_units,category_orders,unique_customers,average_order_value,revenue_share
Laptops,2358079.63,434,346,330,6815.26,0.152
Accessories,2232198.4,498,401,377,5566.58,0.1439
Home Electronics,2157707.55,429,335,316,6440.92,0.1391
Mobiles,2055788.53,393,306,293,6718.26,0.1325
Snacks,784715.24,1613,1285,1072,610.67,0.0506
Beverages,480170.19,731,585,546,820.8,0.031
Earphones,452049.41,423,337,324,1341.39,0.0291
Chargers,451539.26,406,327,308,1380.85,0.0291
Cases,441074.91,403,315,302,1400.24,0.0284
Cables,428177.39,385,314,301,1363.62,0.0276
Household,347144.08,542,422,396,822.62,0.0224
Cakes,254670.15,606,487,441,522.94,0.0164
Bread,237011.44,563,443,417,535.01,0.0153
Pastries,228855.94,581,450,427,508.57,0.0148
Men,226848.98,130,104,102,2181.24,0.0146
Dairy,221255.22,344,282,273,784.59,0.0143
Staples,190526.48,311,241,234,790.57,0.0123
Desserts,186647.98,545,414,391,450.84,0.012
Women,172951.65,102,80,79,2161.9,0.0112
Kids,161643.84,104,74,74,2184.38,0.0104
Wellness,154193.9,162,127,126,1214.13,0.0099
Baby Care,149977.49,159,126,122,1190.3,0.0097
Personal Care,146260.6,148,123,122,1189.11,0.0094
Medicine,145294.9,147,116,114,1252.54,0.0094
Art Supplies,122634.35,381,285,275,430.3,0.0079
Daily Essentials,121522.94,157,132,132,920.63,0.0078
Tea,118879.94,416,321,299,370.34,0.0077
Notebooks,106515.81,366,294,286,362.3,0.0069
Office Supplies,103582.94,343,278,271,372.6,0.0067
Coffee,102528.21,352,270,261,379.73,0.0066
Writing,96704.18,331,259,250,373.38,0.0062
Meals,72887.81,151,116,114,628.34,0.0047
