merchant_id,merchant_name,business_type,city,merchant_revenue,peer_mean_revenue,revenue_vs_peer_pct,merchant_aov,peer_mean_aov,aov_vs_peer_pct,merchant_orders,peer_mean_orders,orders_vs_peer_pct,revenue_percentile,benchmark_type
M013,Merchant_013,Bakery,Prayagraj,144351.91,106573.72,35.45,563.87,526.89,7.02,256,202.9,26.17,100.0,DESCRIPTIVE BENCHMARK
M016,Merchant_016,Bakery,Prayagraj,131291.15,106573.72,23.19,495.44,526.89,-5.97,265,202.9,30.61,88.9,DESCRIPTIVE BENCHMARK
M050,Merchant_050,Bakery,Lucknow,122083.62,106573.72,14.55,521.72,526.89,-0.98,234,202.9,15.33,77.8,DESCRIPTIVE BENCHMARK
M002,Merchant_002,Bakery,Prayagraj,116825.21,106573.72,9.62,503.56,526.89,-4.43,232,202.9,14.34,66.7,DESCRIPTIVE BENCHMARK
M015,Merchant_015,Bakery,Noida,104729.85,106573.72,-1.73,554.13,526.89,5.17,189,202.9,-6.85,55.6,DESCRIPTIVE BENCHMARK
M042,Merchant_042,Bakery,Agra,94943.11,106573.72,-10.91,484.4,526.89,-8.06,196,202.9,-3.4,44.4,DESCRIPTIVE BENCHMARK
M043,Merchant_043,Bakery,Kanpur,92063.19,106573.72,-13.62,586.39,526.89,11.29,157,202.9,-22.62,33.3,DESCRIPTIVE BENCHMARK
M014,Merchant_014,Bakery,Kanpur,88874.72,106573.72,-16.61,507.86,526.89,-3.61,175,202.9,-13.75,22.2,DESCRIPTIVE BENCHMARK
M025,Merchant_025,Bakery,Lucknow,64000.73,106573.72,-39.95,524.6,526.89,-0.43,122,202.9,-39.87,11.1,DESCRIPTIVE BENCHMARK
M003,Merchant_003,Cafe,Lucknow,111412.68,86509.85,28.79,399.33,364.78,9.47,279,235.4,18.52,100.0,DESCRIPTIVE BENCHMARK
M008,Merchant_008,Cafe,Varanasi,96366.48,86509.85,11.39,360.92,364.78,-1.06,267,235.4,13.42,80.0,DESCRIPTIVE BENCHMARK
M026,Merchant_026,Cafe,Lucknow,92731.98,86509.85,7.19,356.66,364.78,-2.23,260,235.4,10.45,60.0,DESCRIPTIVE BENCHMARK
M049,Merchant_049,Cafe,Kanpur,81190.01,86509.85,-6.15,365.72,364.78,0.26,222,235.4,-5.69,40.0,DESCRIPTIVE BENCHMARK
M040,Merchant_040,Cafe,Noida,50848.09,86509.85,-41.22,341.26,364.78,-6.45,149,235.4,-36.7,20.0,DESCRIPTIVE BENCHMARK
M044,Merchant_044,Clothing,Lucknow,511664.71,357298.07,43.2,2195.99,2144.04,2.42,233,165.0,41.21,100.0,DESCRIPTIVE BENCHMARK
M022,Merchant_022,Clothing,Varanasi,202931.43,357298.07,-43.2,2092.08,2144.04,-2.42,97,165.0,-41.21,50.0,DESCRIPTIVE BENCHMARK
M031,Merchant_031,Electronics,Gorakhpur,1963347.33,1235803.21,58.87,6566.38,6566.42,-0.0,299,188.0,59.04,100.0,DESCRIPTIVE BENCHMARK
M005,Merchant_005,Electronics,Noida,1534785.08,1235803.21,24.19,6731.51,6566.42,2.51,228,188.0,21.28,85.7,DESCRIPTIVE BENCHMARK
M020,Merchant_020,Electronics,Jaipur,1186359.65,1235803.21,-4.0,7233.9,6566.42,10.17,164,188.0,-12.77,71.4,DESCRIPTIVE BENCHMARK
M047,Merchant_047,Electronics,Varanasi,1163899.14,1235803.21,-5.82,6613.06,6566.42,0.71,176,188.0,-6.38,57.1,DESCRIPTIVE BENCHMARK
M030,Merchant_030,Electronics,Noida,1011423.73,1235803.21,-18.16,5880.37,6566.42,-10.45,172,188.0,-8.51,42.9,DESCRIPTIVE BENCHMARK
M027,Merchant_027,Electronics,Lucknow,947844.13,1235803.21,-23.3,6918.57,6566.42,5.36,137,188.0,-27.13,28.6,DESCRIPTIVE BENCHMARK
M004,Merchant_004,Electronics,Lucknow,842963.38,1235803.21,-31.79,6021.17,6566.42,-8.3,140,188.0,-25.53,14.3,DESCRIPTIVE BENCHMARK
M046,Merchant_046,General Store,Kanpur,374546.3,193385.16,93.68,938.71,890.87,5.37,399,211.7,88.47,100.0,DESCRIPTIVE BENCHMARK
M012,Merchant_012,General Store,Lucknow,119779.95,193385.16,-38.06,900.6,890.87,1.09,133,211.7,-37.18,66.7,DESCRIPTIVE BENCHMARK
M024,Merchant_024,General Store,Noida,85829.23,193385.16,-55.62,833.29,890.87,-6.46,103,211.7,-51.35,33.3,DESCRIPTIVE BENCHMARK
M036,Merchant_036,Grocery,Noida,231194.81,172364.49,34.13,773.23,775.07,-0.24,299,221.3,35.11,100.0,DESCRIPTIVE BENCHMARK
M001,Merchant_001,Grocery,Lucknow,212603.83,172364.49,23.35,840.33,775.07,8.42,253,221.3,14.32,83.3,DESCRIPTIVE BENCHMARK
M045,Merchant_045,Grocery,Prayagraj,166007.32,172364.49,-3.69,830.04,775.07,7.09,200,221.3,-9.62,66.7,DESCRIPTIVE BENCHMARK
M033,Merchant_033,Grocery,Agra,158928.22,172364.49,-7.8,767.77,775.07,-0.94,207,221.3,-6.46,50.0,DESCRIPTIVE BENCHMARK
M007,Merchant_007,Grocery,Patna,136726.93,172364.49,-20.68,715.85,775.07,-7.64,191,221.3,-13.69,33.3,DESCRIPTIVE BENCHMARK
M010,Merchant_010,Grocery,Prayagraj,128725.82,172364.49,-25.32,723.18,775.07,-6.69,178,221.3,-19.57,16.7,DESCRIPTIVE BENCHMARK
M006,Merchant_006,Mobile Accessories,Gorakhpur,387610.95,253263.0,53.05,1355.28,1378.36,-1.67,286,184.7,54.85,100.0,DESCRIPTIVE BENCHMARK
M038,Merchant_038,Mobile Accessories,Agra,340023.51,253263.0,34.26,1405.06,1378.36,1.94,242,184.7,31.02,85.7,DESCRIPTIVE BENCHMARK
M019,Merchant_019,Mobile Accessories,Kanpur,277230.8,253263.0,9.46,1365.67,1378.36,-0.92,203,184.7,9.91,71.4,DESCRIPTIVE BENCHMARK
M035,Merchant_035,Mobile Accessories,Lucknow,243072.41,253263.0,-4.02,1482.15,1378.36,7.53,164,184.7,-11.21,57.1,DESCRIPTIVE BENCHMARK
M028,Merchant_028,Mobile Accessories,Gorakhpur,193079.57,253263.0,-23.76,1170.18,1378.36,-15.1,165,184.7,-10.67,42.9,DESCRIPTIVE BENCHMARK
M048,Merchant_048,Mobile Accessories,Delhi,174275.4,253263.0,-31.19,1340.58,1378.36,-2.74,130,184.7,-29.62,28.6,DESCRIPTIVE BENCHMARK
M037,Merchant_037,Mobile Accessories,Prayagraj,157548.33,253263.0,-37.79,1529.6,1378.36,10.97,103,184.7,-44.23,14.3,DESCRIPTIVE BENCHMARK
M039,Merchant_039,Pharmacy,Gorakhpur,264841.47,198575.63,33.37,1261.15,1197.14,5.35,210,164.0,28.05,100.0,DESCRIPTIVE BENCHMARK
M009,Merchant_009,Pharmacy,Varanasi,193431.61,198575.63,-2.59,1247.95,1197.14,4.24,155,164.0,-5.49,66.7,DESCRIPTIVE BENCHMARK
M032,Merchant_032,Pharmacy,Prayagraj,137453.81,198575.63,-30.78,1082.31,1197.14,-9.59,127,164.0,-22.56,33.3,DESCRIPTIVE BENCHMARK
M018,Merchant_018,Restaurant,Noida,186269.61,113586.83,63.99,695.04,717.09,-3.07,268,160.7,66.77,100.0,DESCRIPTIVE BENCHMARK
M041,Merchant_041,Restaurant,Agra,77441.16,113586.83,-31.82,661.89,717.09,-7.7,117,160.7,-27.19,66.7,DESCRIPTIVE BENCHMARK
M023,Merchant_023,Restaurant,Kanpur,77049.71,113586.83,-32.17,794.33,717.09,10.77,97,160.7,-39.64,33.3,DESCRIPTIVE BENCHMARK
M029,Merchant_029,Stationery,Noida,147375.85,85887.46,71.59,390.92,381.35,2.51,377,223.2,68.91,100.0,DESCRIPTIVE BENCHMARK
M017,Merchant_017,Stationery,Jaipur,95618.07,85887.46,11.33,400.08,381.35,4.91,239,223.2,7.08,80.0,DESCRIPTIVE BENCHMARK
M021,Merchant_021,Stationery,Jaipur,78247.44,85887.46,-8.9,378.01,381.35,-0.88,207,223.2,-7.26,60.0,DESCRIPTIVE BENCHMARK
M011,Merchant_011,Stationery,Lucknow,59096.85,85887.46,-31.19,374.03,381.35,-1.92,158,223.2,-29.21,40.0,DESCRIPTIVE BENCHMARK
M034,Merchant_034,Stationery,Lucknow,49099.07,85887.46,-42.83,363.7,381.35,-4.63,135,223.2,-39.52,20.0,DESCRIPTIVE BENCHMARK
