month_key,year,month,revenue,orders,units,aov
2025-10,2025,10,1236054.8,801,1007,1543.14
2025-11,2025,11,1245392.05,829,1082,1502.28
2025-12,2025,12,1420156.48,899,1145,1579.71
2026-01,2026,1,1393779.95,866,1094,1609.45
2026-02,2026,2,1134843.57,759,958,1495.18
2026-03,2026,3,1417410.07,857,1062,1653.92
2026-04,2026,4,1097654.61,816,1025,1345.16
2026-05,2026,5,1396177.44,907,1147,1539.34
2026-06,2026,6,1218705.18,810,1018,1504.57
2026-07,2026,7,1569889.48,906,1177,1732.77
2026-08,2026,8,1425943.52,903,1137,1579.12
2026-09,2026,9,954032.19,642,804,1486.03
