merchant_id,merchant_name,business_type,city,state,merchant_revenue,merchant_orders,merchant_units,merchant_aov,active_days,unique_customers,unique_products,revenue_per_day,orders_per_day
M015,Merchant_015,Bakery,Noida,Uttar Pradesh,104729.85,189,241,554.13,155,188,8,675.68,1.22
M045,Merchant_045,Grocery,Prayagraj,Uttar Pradesh,166007.32,200,248,830.04,154,193,10,1077.97,1.3
M040,Merchant_040,Cafe,Noida,Uttar Pradesh,50848.09,149,187,341.26,128,144,8,397.25,1.16
M044,Merchant_044,Clothing,Lucknow,Uttar Pradesh,511664.71,233,301,2195.99,164,228,8,3119.91,1.42
M007,Merchant_007,Grocery,Patna,Bihar,136726.93,191,238,715.85,156,185,10,876.45,1.22
M046,Merchant_046,General Store,Kanpur,Uttar Pradesh,374546.3,399,496,938.71,246,376,8,1522.55,1.62
M023,Merchant_023,Restaurant,Kanpur,Uttar Pradesh,77049.71,97,136,794.33,82,94,8,939.63,1.18
M033,Merchant_033,Grocery,Agra,Uttar Pradesh,158928.22,207,264,767.77,154,204,10,1032.0,1.34
M021,Merchant_021,Stationery,Jaipur,Rajasthan,78247.44,207,257,378.01,159,203,8,492.12,1.3
M012,Merchant_012,General Store,Lucknow,Uttar Pradesh,119779.95,133,170,900.6,106,131,8,1130.0,1.25
M041,Merchant_041,Restaurant,Agra,Uttar Pradesh,77441.16,117,148,661.89,102,113,8,759.23,1.15
M038,Merchant_038,Mobile Accessories,Agra,Uttar Pradesh,340023.51,242,305,1405.06,172,235,8,1976.88,1.41
M047,Merchant_047,Electronics,Varanasi,Uttar Pradesh,1163899.14,176,220,6613.06,135,171,8,8621.48,1.3
M025,Merchant_025,Bakery,Lucknow,Uttar Pradesh,64000.73,122,155,524.6,100,121,8,640.01,1.22
M029,Merchant_029,Stationery,Noida,Uttar Pradesh,147375.85,377,493,390.92,226,356,8,652.11,1.67
M005,Merchant_005,Electronics,Noida,Uttar Pradesh,1534785.08,228,298,6731.51,165,221,8,9301.73,1.38
M008,Merchant_008,Cafe,Varanasi,Uttar Pradesh,96366.48,267,357,360.92,197,256,8,489.17,1.36
M024,Merchant_024,General Store,Noida,Uttar Pradesh,85829.23,103,123,833.29,86,103,8,998.01,1.2
M017,Merchant_017,Stationery,Jaipur,Rajasthan,95618.07,239,308,400.08,177,231,8,540.22,1.35
M003,Merchant_003,Cafe,Lucknow,Uttar Pradesh,111412.68,279,365,399.33,193,272,8,577.27,1.45
M026,Merchant_026,Cafe,Lucknow,Uttar Pradesh,92731.98,260,346,356.66,183,253,8,506.73,1.42
M002,Merchant_002,Bakery,Prayagraj,Uttar Pradesh,116825.21,232,289,503.56,175,226,8,667.57,1.33
M022,Merchant_022,Clothing,Varanasi,Uttar Pradesh,202931.43,97,119,2092.08,83,95,8,2444.96,1.17
M039,Merchant_039,Pharmacy,Gorakhpur,Uttar Pradesh,264841.47,210,268,1261.15,156,206,8,1697.7,1.35
M001,Merchant_001,Grocery,Lucknow,Uttar Pradesh,212603.83,253,314,840.33,186,244,10,1143.03,1.36
M048,Merchant_048,Mobile Accessories,Delhi,Delhi,174275.4,130,163,1340.58,112,128,8,1556.03,1.16
M042,Merchant_042,Bakery,Agra,Uttar Pradesh,94943.11,196,263,484.4,154,190,8,616.51,1.27
M010,Merchant_010,Grocery,Prayagraj,Uttar Pradesh,128725.82,178,225,723.18,136,176,10,946.51,1.31
M049,Merchant_049,Cafe,Kanpur,Uttar Pradesh,81190.01,222,275,365.72,160,215,8,507.44,1.39
M006,Merchant_006,Mobile Accessories,Gorakhpur,Uttar Pradesh,387610.95,286,358,1355.28,189,271,8,2050.85,1.51
M009,Merchant_009,Pharmacy,Varanasi,Uttar Pradesh,193431.61,155,204,1247.95,131,150,8,1476.58,1.18
M011,Merchant_011,Stationery,Lucknow,Uttar Pradesh,59096.85,158,189,374.03,127,157,8,465.33,1.24
M035,Merchant_035,Mobile Accessories,Lucknow,Uttar Pradesh,243072.41,164,197,1482.15,134,160,8,1813.97,1.22
M016,Merchant_016,Bakery,Prayagraj,Uttar Pradesh,131291.15,265,324,495.44,185,255,8,709.68,1.43
M014,Merchant_014,Bakery,Kanpur,Uttar Pradesh,88874.72,175,228,507.86,128,174,8,694.33,1.37
M034,Merchant_034,Stationery,Lucknow,Uttar Pradesh,49099.07,135,174,363.7,110,131,8,446.36,1.23
M019,Merchant_019,Mobile Accessories,Kanpur,Uttar Pradesh,277230.8,203,259,1365.67,152,195,8,1823.89,1.34
M030,Merchant_030,Electronics,Noida,Uttar Pradesh,1011423.73,172,216,5880.37,137,166,8,7382.65,1.26
M004,Merchant_004,Electronics,Lucknow,Uttar Pradesh,842963.38,140,181,6021.17,109,138,8,7733.61,1.28
M043,Merchant_043,Bakery,Kanpur,Uttar Pradesh,92063.19,157,206,586.39,129,155,8,713.67,1.22
M036,Merchant_036,Grocery,Noida,Uttar Pradesh,231194.81,299,368,773.23,206,290,10,1122.3,1.45
M050,Merchant_050,Bakery,Lucknow,Uttar Pradesh,122083.62,234,289,521.72,178,225,8,685.86,1.31
M031,Merchant_031,Electronics,Gorakhpur,Uttar Pradesh,1963347.33,299,390,6566.38,203,283,8,9671.66,1.47
M013,Merchant_013,Bakery,Prayagraj,Uttar Pradesh,144351.91,256,324,563.87,185,244,8,780.28,1.38
M027,Merchant_027,Electronics,Lucknow,Uttar Pradesh,947844.13,137,168,6918.57,113,135,8,8388.0,1.21
M028,Merchant_028,Mobile Accessories,Gorakhpur,Uttar Pradesh,193079.57,165,199,1170.18,131,164,8,1473.89,1.26
M018,Merchant_018,Restaurant,Noida,Uttar Pradesh,186269.61,268,333,695.04,192,257,8,970.15,1.4
M032,Merchant_032,Pharmacy,Prayagraj,Uttar Pradesh,137453.81,127,144,1082.31,98,124,8,1402.59,1.3
M037,Merchant_037,Mobile Accessories,Prayagraj,Uttar Pradesh,157548.33,103,136,1529.6,93,102,8,1694.07,1.11
M020,Merchant_020,Electronics,Jaipur,Rajasthan,1186359.65,164,197,7233.9,134,160,8,8853.43,1.22
