period,period_key,period_start,period_end,revenue,orders,units,aov,discount,revenue_change,revenue_growth_pct,orders_change,orders_growth_pct
weekly,2025-W01,2025-12-29,2025-12-31,107015.08,75,96,1426.87,15759.67,,,,
weekly,2025-W40,2025-10-01,2025-10-05,215421.64,141,166,1527.81,17240.07,108406.56,101.3,66.0,88.0
weekly,2025-W41,2025-10-06,2025-10-12,276693.41,158,202,1751.22,87739.09,61271.77,28.44,17.0,12.06
weekly,2025-W42,2025-10-13,2025-10-19,356175.1,193,241,1845.47,108359.19,79481.69,28.73,35.0,22.15
weekly,2025-W43,2025-10-20,2025-10-26,219509.8,184,246,1192.99,26822.44,-136665.3,-38.37,-9.0,-4.66
weekly,2025-W44,2025-10-27,2025-11-02,264847.65,167,208,1585.91,32064.41,45337.85,20.65,-17.0,-9.24
weekly,2025-W45,2025-11-03,2025-11-09,331003.4,203,263,1630.56,50311.02,66155.75,24.98,36.0,21.56
weekly,2025-W46,2025-11-10,2025-11-16,326975.72,203,261,1610.72,39223.41,-4027.68,-1.22,0.0,0.0
weekly,2025-W47,2025-11-17,2025-11-23,288910.55,195,262,1481.59,68225.83,-38065.17,-11.64,-8.0,-3.94
weekly,2025-W48,2025-11-24,2025-11-30,201909.58,186,240,1085.54,21167.35,-87000.97,-30.11,-9.0,-4.62
weekly,2025-W49,2025-12-01,2025-12-07,383814.34,216,269,1776.92,44467.23,181904.76,90.09,30.0,16.13
weekly,2025-W50,2025-12-08,2025-12-14,283735.36,205,271,1384.07,63347.74,-100078.98,-26.07,-11.0,-5.09
weekly,2025-W51,2025-12-15,2025-12-21,334951.71,202,258,1658.18,66263.64,51216.35,18.05,-3.0,-1.46
weekly,2025-W52,2025-12-22,2025-12-28,310639.99,201,251,1545.47,60688.55,-24311.72,-7.26,-1.0,-0.5
weekly,2026-W01,2026-01-01,2026-01-04,257974.37,117,152,2204.91,32125.04,-52665.62,-16.95,-84.0,-41.79
weekly,2026-W02,2026-01-05,2026-01-11,292255.98,169,217,1729.33,31298.55,34281.61,13.29,52.0,44.44
weekly,2026-W03,2026-01-12,2026-01-18,303543.73,206,257,1473.51,44903.99,11287.75,3.86,37.0,21.89
weekly,2026-W04,2026-01-19,2026-01-25,269973.83,200,255,1349.87,77979.02,-33569.9,-11.06,-6.0,-2.91
weekly,2026-W05,2026-01-26,2026-02-01,299386.83,198,243,1512.05,110101.11,29413.0,10.89,-2.0,-1.0
weekly,2026-W06,2026-02-02,2026-02-08,305787.98,195,256,1568.14,45638.76,6401.15,2.14,-3.0,-1.52
weekly,2026-W07,2026-02-09,2026-02-15,263649.95,174,224,1515.23,34825.22,-42138.03,-13.78,-21.0,-10.77
weekly,2026-W08,2026-02-16,2026-02-22,254889.03,201,250,1268.1,53217.72,-8760.92,-3.32,27.0,15.52
weekly,2026-W09,2026-02-23,2026-03-01,347868.06,201,247,1730.69,93226.92,92979.03,36.48,0.0,0.0
weekly,2026-W10,2026-03-02,2026-03-08,393664.55,209,264,1883.56,77585.12,45796.49,13.16,8.0,3.98
weekly,2026-W11,2026-03-09,2026-03-15,280425.76,182,228,1540.8,51433.25,-113238.79,-28.77,-27.0,-12.92
weekly,2026-W12,2026-03-16,2026-03-22,307461.75,188,234,1635.43,66726.54,27035.99,9.64,6.0,3.3
weekly,2026-W13,2026-03-23,2026-03-29,280581.2,183,222,1533.23,74832.56,-26880.55,-8.74,-5.0,-2.66
weekly,2026-W14,2026-03-30,2026-04-05,319460.41,222,271,1439.01,47406.35,38879.21,13.86,39.0,21.31
weekly,2026-W15,2026-04-06,2026-04-12,309804.9,188,235,1647.9,79521.37,-9655.51,-3.02,-34.0,-15.32
weekly,2026-W16,2026-04-13,2026-04-19,237993.75,189,239,1259.23,69613.6,-71811.15,-23.18,1.0,0.53
weekly,2026-W17,2026-04-20,2026-04-26,217693.64,185,229,1176.72,37403.36,-20300.11,-8.53,-4.0,-2.12
weekly,2026-W18,2026-04-27,2026-05-03,232250.52,173,218,1342.49,26224.94,14556.88,6.69,-12.0,-6.49
weekly,2026-W19,2026-05-04,2026-05-10,337171.24,216,277,1560.98,43036.93,104920.72,45.18,43.0,24.86
weekly,2026-W20,2026-05-11,2026-05-17,314432.18,200,248,1572.16,65300.09,-22739.06,-6.74,-16.0,-7.41
weekly,2026-W21,2026-05-18,2026-05-24,300955.09,212,268,1419.6,44499.45,-13477.09,-4.29,12.0,6.0
weekly,2026-W22,2026-05-25,2026-05-31,312640.89,197,252,1587.01,65303.68,11685.8,3.88,-15.0,-7.08
weekly,2026-W23,2026-06-01,2026-06-07,288439.7,188,230,1534.25,53160.91,-24201.19,-7.74,-9.0,-4.57
weekly,2026-W24,2026-06-08,2026-06-14,250248.83,199,259,1257.53,53487.39,-38190.87,-13.24,11.0,5.85
weekly,2026-W25,2026-06-15,2026-06-21,291221.66,189,233,1540.86,88461.88,40972.83,16.37,-10.0,-5.03
weekly,2026-W26,2026-06-22,2026-06-28,330184.42,184,236,1794.48,77638.64,38962.76,13.38,-5.0,-2.65
weekly,2026-W27,2026-06-29,2026-07-05,375945.1,204,275,1842.87,35474.86,45760.68,13.86,20.0,10.87
weekly,2026-W28,2026-07-06,2026-07-12,398381.38,225,281,1770.58,79958.75,22436.28,5.97,21.0,10.29
weekly,2026-W29,2026-07-13,2026-07-19,275012.8,179,238,1536.38,63998.24,-123368.58,-30.97,-46.0,-20.44
weekly,2026-W30,2026-07-20,2026-07-26,344790.03,200,253,1723.95,138266.35,69777.23,25.37,21.0,11.73
weekly,2026-W31,2026-07-27,2026-08-02,326326.42,196,251,1664.93,92008.0,-18463.61,-5.36,-4.0,-2.0
weekly,2026-W32,2026-08-03,2026-08-09,324110.91,211,255,1536.07,118172.26,-2215.51,-0.68,15.0,7.65
weekly,2026-W33,2026-08-10,2026-08-16,339801.31,211,260,1610.43,88391.18,15690.4,4.84,0.0,0.0
weekly,2026-W34,2026-08-17,2026-08-23,290005.69,197,257,1472.11,63128.32,-49795.62,-14.65,-14.0,-6.64
weekly,2026-W35,2026-08-24,2026-08-30,319634.94,204,266,1566.84,147577.06,29629.25,10.22,7.0,3.55
weekly,2026-W36,2026-08-31,2026-09-06,312063.61,187,233,1668.79,47080.97,-7571.33,-2.37,-17.0,-8.33
weekly,2026-W37,2026-09-07,2026-09-13,278906.62,198,254,1408.62,43965.49,-33156.99,-10.63,11.0,5.88
weekly,2026-W38,2026-09-14,2026-09-20,277800.27,186,226,1493.55,39496.71,-1106.35,-0.4,-12.0,-6.06
weekly,2026-W39,2026-09-21,2026-09-23,145696.68,103,129,1414.53,23084.7,-132103.59,-47.55,-83.0,-44.62
