product_id,product_name,product_category,revenue,units,orders,unique_customers,average_price,revenue_share,unit_share
PRD_ACC_01,Leather Wallet,Accessories,1250451.81,268,217,208,4665.86,0.0806,0.0212
PRD_LAP_02,Wireless Optical Mouse 2.4GHz,Laptops,1188873.16,212,173,171,5607.89,0.0767,0.0168
PRD_LAP_01,Laptop Stand Aluminum Ergonomic,Laptops,1169206.47,222,173,170,5266.7,0.0754,0.0175
PRD_ELE_01,Smart LED Desk Lamp 10W,Home Electronics,1080895.51,207,162,159,5221.72,0.0697,0.0164
PRD_ELE_02,Electric Kettle 1.5L Stainless Steel,Home Electronics,1076812.04,222,173,167,4850.5,0.0694,0.0175
PRD_MOB_02,Budget 5G Smartphone 128GB,Mobiles,1054020.75,208,157,151,5067.41,0.068,0.0164
PRD_MOB_01,Entry-level 4G Smartphone 32GB,Mobiles,1001767.78,185,149,148,5414.96,0.0646,0.0146
PRD_ACC_02,Fashion Sunglasses,Accessories,981746.59,230,184,178,4268.46,0.0633,0.0182
PRD_SNK_01,Spicy Masala Potato Chips 150g,Snacks,403820.34,824,649,592,490.07,0.026,0.0651
PRD_SNK_02,Roasted Salted Almonds 200g,Snacks,380894.9,789,636,584,482.76,0.0246,0.0623
PRD_BEV_02,Cold Pressed Orange Juice 500ml,Beverages,246894.06,374,301,291,660.14,0.0159,0.0296
PRD_CHG_02,Wireless Charging Pad 15W,Chargers,241736.1,208,164,159,1162.19,0.0156,0.0164
PRD_EAR_02,Deep Bass Wired Earphones 3.5mm,Earphones,237166.45,221,179,175,1073.15,0.0153,0.0175
PRD_BEV_01,Fresh Mango Juice 1L,Beverages,233276.13,357,284,274,653.43,0.015,0.0282
PRD_CAS_01,Shockproof Matte Phone Case,Cases,230906.14,216,166,164,1069.01,0.0149,0.0171
PRD_CAB_02,Lightning Charging Cable 1m,Cables,222629.92,190,156,154,1171.74,0.0144,0.015
PRD_EAR_01,TWS True Wireless Earbuds,Earphones,214882.96,202,158,155,1063.78,0.0139,0.016
PRD_CAS_02,Premium Leather Back Case,Cases,210168.77,187,149,144,1123.9,0.0136,0.0148
PRD_CHG_01,Fast Charger 33W USB-C Adapter,Chargers,209803.16,198,163,156,1059.61,0.0135,0.0156
PRD_CAB_01,Braided USB-C to USB-C Cable 1.5m,Cables,205547.47,195,158,154,1054.09,0.0133,0.0154
PRD_HOU_02,Aromatherapy Reed Diffuser 100ml,Household,181382.78,290,220,210,625.46,0.0117,0.0229
PRD_HOU_01,Microfiber Cleaning Cloth 4-Pack,Household,165761.3,252,202,195,657.78,0.0107,0.0199
PRD_CAK_01,Dutch Chocolate Truffle Cake 500g,Cakes,139138.12,329,262,249,422.91,0.009,0.026
PRD_BRD_01,Brown Whole Wheat Bread 400g,Bread,132044.73,295,234,226,447.61,0.0085,0.0233
PRD_MEN_02,Men Comfort Stretch Denim Jeans,Men,127503.96,73,58,57,1746.63,0.0082,0.0058
PRD_DAI_02,Fresh Malai Paneer 200g,Dairy,116890.05,181,147,147,645.8,0.0075,0.0143
PRD_CAK_02,Eggless Pineapple Cake 500g,Cakes,115532.03,277,225,217,417.08,0.0074,0.0219
PRD_PAS_01,Red Velvet Pastry Slice,Pastries,115361.08,290,229,222,397.8,0.0074,0.0229
PRD_PAS_02,Choco Lava Lava Cake Single,Pastries,113494.86,291,221,215,390.02,0.0073,0.023
PRD_BRD_02,Artisanal Sourdough Bread Loaf,Bread,104966.71,268,209,204,391.67,0.0068,0.0212
PRD_DAI_01,Fresh Cow Milk Pouch 1L,Dairy,104365.17,163,135,130,640.28,0.0067,0.0129
PRD_MEN_01,Men Casual Slim-Fit Cotton Shirt,Men,99345.02,57,46,46,1742.9,0.0064,0.0045
PRD_KID_01,Kids Cotton Graphic T-Shirt,Kids,98595.32,61,41,41,1616.32,0.0064,0.0048
PRD_DES_02,Belgian Waffle with Syrup,Desserts,97835.53,291,213,208,336.2,0.0063,0.023
PRD_STA_01,Premium Basmati Rice 5kg,Staples,95350.83,162,126,125,588.59,0.0061,0.0128
PRD_STA_02,Sharbati Whole Wheat Atta 5kg,Staples,95175.65,149,115,111,638.76,0.0061,0.0118
PRD_WOM_02,Embroidered Rayon Anarkali Suit,Women,92308.76,47,37,37,1964.02,0.006,0.0037
PRD_DES_01,Gulab Jamun Box 500g,Desserts,88812.45,254,201,200,349.66,0.0057,0.0201
PRD_WEL_01,Immunity Booster Chyawanprash 1kg,Wellness,88683.75,91,73,73,974.55,0.0057,0.0072
PRD_BABY_02,Gentle Baby Wet Wipes 72s,Baby Care,84295.15,84,66,65,1003.51,0.0054,0.0066
PRD_WOM_01,Women Pure Cotton Printed Kurti,Women,80642.89,55,43,43,1466.23,0.0052,0.0043
PRD_PER_02,Moisturizing Shea Body Lotion 250ml,Personal Care,78262.55,76,66,66,1029.77,0.005,0.006
PRD_MED_02,Multivitamin & Minerals 30 Tablets,Medicine,73575.14,67,55,55,1098.14,0.0047,0.0053
PRD_MED_01,Paracetamol 650mg Strip of 15,Medicine,71719.76,80,61,61,896.5,0.0046,0.0063
PRD_ESS_02,Antibacterial Floor Cleaner 1L,Daily Essentials,68170.84,86,75,75,792.68,0.0044,0.0068
PRD_PER_01,Herbal Aloe Vera Face Wash 150ml,Personal Care,67998.05,72,57,57,944.42,0.0044,0.0057
PRD_TEA_02,Organic Darjeeling Green Tea 100g,Tea,66235.69,219,175,168,302.45,0.0043,0.0173
PRD_BABY_01,Baby Diaper Mega Pack (M),Baby Care,65682.34,75,60,59,875.76,0.0042,0.0059
PRD_WEL_02,Pure Apple Cider Vinegar 500ml,Wellness,65510.15,71,54,54,922.68,0.0042,0.0056
PRD_ART_01,Acrylic Color Set 12-Pack,Art Supplies,64552.29,198,148,147,326.02,0.0042,0.0156
PRD_KID_02,Children Educational Puzzle Game,Kids,63048.52,43,33,33,1466.24,0.0041,0.0034
PRD_ART_02,Sketching Canvas Board 10x12,Art Supplies,58082.06,183,137,133,317.39,0.0037,0.0145
PRD_NOT_02,Executive PU Leather Diary,Notebooks,53992.71,190,148,147,284.17,0.0035,0.015
PRD_OFF_01,Heavy Duty Desktop Stapler Set,Office Supplies,53435.76,171,142,141,312.49,0.0034,0.0135
PRD_ESS_01,Organic Hand Wash 500ml,Daily Essentials,53352.1,71,57,57,751.44,0.0034,0.0056
PRD_TEA_01,Assam Masala CTC Chai 500g,Tea,52644.25,197,146,142,267.23,0.0034,0.0156
PRD_NOT_01,Spiral Hardcover Journal 200 Pages,Notebooks,52523.1,176,146,144,298.43,0.0034,0.0139
PRD_WRI_02,Permanent Whiteboard Marker Set 4s,Writing,52323.98,189,143,138,276.85,0.0034,0.0149
PRD_COF_02,Instant Cold Brew Premix 200g,Coffee,51289.33,174,137,136,294.77,0.0033,0.0137
PRD_COF_01,Arabica Roast Ground Coffee 250g,Coffee,51238.88,178,133,131,287.86,0.0033,0.0141
PRD_OFF_02,A4 Copier Paper Ream 500 Sheets,Office Supplies,50147.18,172,136,135,291.55,0.0032,0.0136
PRD_WRI_01,Gel Roller Pen Blue Pack of 5,Writing,44380.2,142,116,114,312.54,0.0029,0.0112
PRD_MEA_02,Paneer Butter Masala Meal Box,Meals,36469.95,79,58,57,461.64,0.0024,0.0062
PRD_MEA_01,Special North Indian Thali Combo,Meals,36417.86,72,58,57,505.8,0.0023,0.0057
