product_category,month_key,category_revenue,category_units,category_orders
Laptops,2025-10,205222.96,48,32
Accessories,2025-10,195852.17,42,35
Mobiles,2025-10,178251.68,34,26
Home Electronics,2025-10,138345.25,28,23
Snacks,2025-10,62805.75,140,102
Beverages,2025-10,41833.49,63,47
Chargers,2025-10,38610.13,33,28
Earphones,2025-10,30991.91,29,25
Household,2025-10,30362.02,49,40
Cables,2025-10,30302.1,25,21
Dairy,2025-10,22619.93,31,26
Cases,2025-10,21446.51,16,13
Bread,2025-10,19840.76,51,40
Cakes,2025-10,18885.73,46,37
Medicine,2025-10,17174.73,16,15
Pastries,2025-10,16156.96,43,34
Staples,2025-10,15888.65,19,17
Wellness,2025-10,15420.85,14,12
Desserts,2025-10,14870.19,51,41
Kids,2025-10,13859.01,8,7
Men,2025-10,13532.98,8,7
Personal Care,2025-10,12086.01,12,11
Women,2025-10,11085.51,7,7
Daily Essentials,2025-10,10862.99,10,9
Writing,2025-10,10122.25,30,22
Art Supplies,2025-10,8889.33,34,25
Tea,2025-10,8204.18,22,20
Coffee,2025-10,7369.61,23,19
Baby Care,2025-10,6850.62,12,9
Office Supplies,2025-10,6542.27,23,18
Notebooks,2025-10,6454.02,26,22
Meals,2025-10,5314.25,14,11
Laptops,2025-11,229223.74,39,32
Accessories,2025-11,221147.17,51,37
Mobiles,2025-11,141792.02,24,19
Home Electronics,2025-11,113450.15,23,20
Snacks,2025-11,61894.82,135,98
Earphones,2025-11,43731.65,32,23
Chargers,2025-11,40063.28,33,28
Beverages,2025-11,38278.0,65,48
Cables,2025-11,29412.55,27,21
Cakes,2025-11,26521.46,54,44
Household,2025-11,26198.12,50,35
Cases,2025-11,26048.51,27,21
Staples,2025-11,19837.49,37,25
Dairy,2025-11,19158.51,30,25
Pastries,2025-11,18978.52,54,40
Women,2025-11,18247.14,9,7
Bread,2025-11,16507.57,52,38
Medicine,2025-11,16426.89,17,13
Desserts,2025-11,16029.78,53,41
Art Supplies,2025-11,14316.0,41,32
Men,2025-11,13702.13,7,6
Baby Care,2025-11,12338.03,14,13
Writing,2025-11,11562.77,39,31
Wellness,2025-11,10856.19,12,9
Daily Essentials,2025-11,9054.96,12,9
Office Supplies,2025-11,8830.78,28,25
Coffee,2025-11,8563.23,31,25
Personal Care,2025-11,8195.63,8,7
Kids,2025-11,7443.25,7,6
Notebooks,2025-11,7322.78,31,23
Tea,2025-11,7122.78,33,22
Meals,2025-11,3136.15,7,6
Home Electronics,2025-12,224953.73,36,29
Accessories,2025-12,208140.91,41,32
Mobiles,2025-12,196806.21,33,26
Laptops,2025-12,182767.71,39,29
Snacks,2025-12,69354.73,147,119
Beverages,2025-12,57459.28,81,66
Cases,2025-12,55334.26,51,40
Cables,2025-12,49873.33,41,34
Household,2025-12,31524.07,49,40
Chargers,2025-12,26364.91,21,17
Pastries,2025-12,23783.87,70,49
Desserts,2025-12,22231.24,57,46
Baby Care,2025-12,21757.85,19,13
Earphones,2025-12,21419.38,30,22
Cakes,2025-12,20845.48,53,41
Personal Care,2025-12,20702.2,21,17
Men,2025-12,17282.66,14,9
Staples,2025-12,16846.29,29,22
Bread,2025-12,16036.09,35,28
Dairy,2025-12,15247.94,27,22
Wellness,2025-12,14018.14,15,10
Kids,2025-12,13738.49,5,5
Tea,2025-12,13040.85,38,29
Coffee,2025-12,12155.15,28,24
Daily Essentials,2025-12,10274.53,16,13
Office Supplies,2025-12,10123.14,30,25
Notebooks,2025-12,10067.91,34,27
Art Supplies,2025-12,9232.82,30,24
Medicine,2025-12,9155.25,8,7
Writing,2025-12,8012.99,34,21
Meals,2025-12,7721.57,10,10
Women,2025-12,3883.5,3,3
Accessories,2026-01,215251.81,41,35
Home Electronics,2026-01,200638.92,36,26
Laptops,2026-01,197939.92,35,28
Mobiles,2026-01,173788.98,37,28
Snacks,2026-01,60834.47,123,104
Beverages,2026-01,46244.86,62,54
Chargers,2026-01,43388.42,41,31
Cables,2026-01,42025.5,48,33
Earphones,2026-01,41860.36,38,31
Cases,2026-01,35198.8,36,27
Household,2026-01,31784.5,43,37
Women,2026-01,28858.35,11,9
Staples,2026-01,22896.92,32,28
Bread,2026-01,21867.1,49,37
Men,2026-01,21115.04,9,8
Dairy,2026-01,20237.89,32,27
Cakes,2026-01,20025.04,56,42
Pastries,2026-01,17374.95,53,37
Daily Essentials,2026-01,17365.27,15,15
Kids,2026-01,16990.58,11,7
Personal Care,2026-01,15143.96,16,12
Notebooks,2026-01,12720.35,41,32
Art Supplies,2026-01,12254.81,33,27
Desserts,2026-01,11933.24,34,25
Wellness,2026-01,11854.18,8,8
Tea,2026-01,11562.5,35,27
Writing,2026-01,10484.78,29,26
Medicine,2026-01,8818.44,17,10
Office Supplies,2026-01,8498.75,28,23
Meals,2026-01,6750.26,16,10
Coffee,2026-01,6730.92,26,20
Baby Care,2026-01,1340.08,3,2
Accessories,2026-02,165174.63,34,30
Laptops,2026-02,149902.09,26,21
Home Electronics,2026-02,144501.66,32,25
Mobiles,2026-02,137070.26,20,20
Snacks,2026-02,68776.58,132,109
Chargers,2026-02,47605.39,36,32
Cables,2026-02,37868.54,40,33
Cases,2026-02,36441.11,33,29
Earphones,2026-02,30300.51,31,25
Beverages,2026-02,27475.06,42,35
Cakes,2026-02,26688.39,54,44
Household,2026-02,25145.41,44,30
Men,2026-02,24325.8,18,12
Bread,2026-02,21720.47,53,40
Kids,2026-02,19511.77,16,8
Wellness,2026-02,16270.85,16,12
Dairy,2026-02,15003.19,25,22
Desserts,2026-02,14729.13,42,30
Women,2026-02,11869.46,5,4
Pastries,2026-02,11256.18,41,29
Staples,2026-02,10867.63,21,12
Coffee,2026-02,10815.76,33,27
Medicine,2026-02,9968.63,12,9
Baby Care,2026-02,9108.84,9,9
Office Supplies,2026-02,9104.06,26,22
Art Supplies,2026-02,8953.32,19,15
Tea,2026-02,8842.6,23,18
Daily Essentials,2026-02,8728.74,11,9
Notebooks,2026-02,8050.46,21,17
Personal Care,2026-02,7571.58,11,8
Meals,2026-02,5682.17,8,6
Writing,2026-02,5513.3,24,17
Home Electronics,2026-03,251041.96,43,33
Accessories,2026-03,244116.12,43,37
Laptops,2026-03,175162.13,35,28
Mobiles,2026-03,169030.18,37,28
Snacks,2026-03,69761.11,137,116
Cases,2026-03,41586.05,41,28
Earphones,2026-03,37611.25,37,28
Beverages,2026-03,37231.49,58,46
Chargers,2026-03,36525.66,37,29
Cables,2026-03,35833.51,27,24
Household,2026-03,29474.52,43,36
Pastries,2026-03,25440.37,52,42
Cakes,2026-03,23412.46,42,39
Bread,2026-03,21473.24,33,31
Dairy,2026-03,20421.94,27,22
Personal Care,2026-03,20161.13,16,13
Men,2026-03,19343.45,14,11
Kids,2026-03,18473.97,5,4
Desserts,2026-03,15832.28,44,34
Wellness,2026-03,13285.29,17,14
Coffee,2026-03,12754.36,41,31
Baby Care,2026-03,12667.17,15,11
Staples,2026-03,11918.55,23,17
Office Supplies,2026-03,11115.02,39,28
Notebooks,2026-03,10981.62,42,32
Women,2026-03,9801.84,6,4
Medicine,2026-03,9299.98,7,7
Tea,2026-03,9204.79,29,26
Writing,2026-03,7722.36,20,20
Art Supplies,2026-03,6120.63,29,18
Daily Essentials,2026-03,5304.98,12,10
Meals,2026-03,5300.66,11,10
Accessories,2026-04,152725.08,44,36
Laptops,2026-04,141249.85,27,23
Mobiles,2026-04,123529.51,26,20
Home Electronics,2026-04,112521.13,31,22
Snacks,2026-04,69923.78,139,109
Earphones,2026-04,54493.33,48,35
Beverages,2026-04,39450.69,70,53
Cables,2026-04,34329.14,33,26
Household,2026-04,29355.85,48,36
Cases,2026-04,27780.4,21,19
Chargers,2026-04,25335.35,26,21
Bread,2026-04,23483.64,49,40
Baby Care,2026-04,21686.36,18,15
Pastries,2026-04,20586.78,47,36
Cakes,2026-04,20388.89,48,41
Women,2026-04,19517.73,10,9
Wellness,2026-04,17976.89,14,13
Desserts,2026-04,17484.07,43,32
Men,2026-04,16824.44,10,8
Dairy,2026-04,15583.37,25,20
Personal Care,2026-04,13754.56,9,9
Tea,2026-04,12232.11,36,30
Art Supplies,2026-04,11417.34,28,23
Meals,2026-04,11308.71,19,16
Office Supplies,2026-04,10679.62,38,29
Kids,2026-04,9983.28,5,4
Staples,2026-04,9880.23,19,14
Medicine,2026-04,8422.69,8,6
Notebooks,2026-04,7243.26,27,23
Writing,2026-04,6529.83,27,23
Daily Essentials,2026-04,6170.26,11,8
Coffee,2026-04,5806.44,21,17
Home Electronics,2026-05,235437.54,37,33
Laptops,2026-05,229311.0,35,30
Mobiles,2026-05,163200.83,28,25
Accessories,2026-05,161738.93,40,36
Snacks,2026-05,69927.56,134,106
Cases,2026-05,58995.89,49,40
Chargers,2026-05,45340.21,48,35
Beverages,2026-05,44091.45,70,53
Earphones,2026-05,36145.45,36,30
Cables,2026-05,30808.99,30,25
Household,2026-05,30163.25,47,36
Pastries,2026-05,28352.27,62,49
Staples,2026-05,24440.64,40,28
Cakes,2026-05,22631.15,60,44
Dairy,2026-05,21888.03,31,25
Wellness,2026-05,19094.02,21,16
Men,2026-05,18361.07,11,8
Bread,2026-05,17987.27,50,43
Desserts,2026-05,17030.94,50,38
Baby Care,2026-05,15883.29,12,10
Women,2026-05,15740.15,8,8
Tea,2026-05,10483.19,44,32
Art Supplies,2026-05,10350.69,38,29
Daily Essentials,2026-05,10320.95,14,12
Personal Care,2026-05,9575.97,11,9
Writing,2026-05,9264.49,27,23
Coffee,2026-05,8475.77,40,25
Office Supplies,2026-05,7346.95,27,20
Kids,2026-05,6836.62,6,3
Notebooks,2026-05,6559.28,23,21
Meals,2026-05,5368.51,14,11
Medicine,2026-05,5025.09,4,4
Home Electronics,2026-06,191983.48,42,30
Laptops,2026-06,181034.86,30,26
Accessories,2026-06,158145.87,33,28
Mobiles,2026-06,157048.54,33,22
Snacks,2026-06,57644.75,113,97
Beverages,2026-06,39840.65,54,44
Earphones,2026-06,38419.38,35,32
Chargers,2026-06,37699.24,36,26
Cases,2026-06,33083.64,35,24
Bread,2026-06,27091.34,54,43
Household,2026-06,26830.99,37,30
Men,2026-06,21600.92,9,9
Cables,2026-06,20960.93,21,19
Dairy,2026-06,19554.21,35,26
Kids,2026-06,19273.52,10,10
Medicine,2026-06,18930.76,20,15
Women,2026-06,18244.6,12,8
Staples,2026-06,17097.38,23,23
Pastries,2026-06,14308.77,38,31
Cakes,2026-06,14022.29,36,30
Daily Essentials,2026-06,14013.1,18,15
Desserts,2026-06,11812.12,47,35
Art Supplies,2026-06,10617.7,35,25
Baby Care,2026-06,10307.78,11,10
Tea,2026-06,10209.77,49,33
Writing,2026-06,9950.92,31,24
Office Supplies,2026-06,8417.59,29,25
Coffee,2026-06,7400.39,37,25
Personal Care,2026-06,7145.02,9,8
Notebooks,2026-06,7004.43,26,23
Meals,2026-06,5655.53,16,10
Wellness,2026-06,3354.71,4,4
Mobiles,2026-07,327044.61,54,43
Home Electronics,2026-07,237730.02,51,39
Laptops,2026-07,203746.0,41,32
Accessories,2026-07,192164.32,44,35
Snacks,2026-07,65549.57,162,119
Earphones,2026-07,50711.37,47,35
Cases,2026-07,50615.28,38,33
Cables,2026-07,45217.4,38,30
Chargers,2026-07,40601.45,30,27
Beverages,2026-07,34234.26,59,48
Household,2026-07,31093.45,44,37
Kids,2026-07,23270.89,19,13
Cakes,2026-07,22413.76,56,43
Dairy,2026-07,21446.02,29,24
Baby Care,2026-07,20841.21,22,17
Men,2026-07,20559.09,10,9
Bread,2026-07,19707.93,55,40
Pastries,2026-07,19121.28,40,32
Desserts,2026-07,16489.58,58,38
Personal Care,2026-07,14642.27,15,12
Medicine,2026-07,14298.38,12,9
Daily Essentials,2026-07,11417.32,17,14
Art Supplies,2026-07,10877.09,32,22
Coffee,2026-07,10206.11,34,27
Women,2026-07,10156.73,8,4
Office Supplies,2026-07,9907.88,33,26
Notebooks,2026-07,9775.52,35,24
Tea,2026-07,9069.99,32,25
Staples,2026-07,8486.63,14,13
Wellness,2026-07,8151.34,13,8
Writing,2026-07,5468.02,25,21
Meals,2026-07,4874.71,10,7
Laptops,2026-08,278380.7,45,37
Mobiles,2026-08,212878.86,51,36
Accessories,2026-08,189526.43,51,36
Home Electronics,2026-08,165886.7,42,35
Snacks,2026-08,81975.26,155,124
Beverages,2026-08,46364.94,66,57
Cables,2026-08,42031.17,33,27
Chargers,2026-08,38742.25,33,28
Cases,2026-08,38364.81,36,28
Household,2026-08,30396.02,53,38
Earphones,2026-08,30351.91,30,25
Men,2026-08,23970.88,12,10
Cakes,2026-08,23773.34,67,51
Dairy,2026-08,18703.49,30,27
Bread,2026-08,18319.88,47,37
Pastries,2026-08,18253.27,43,40
Medicine,2026-08,17910.19,19,15
Staples,2026-08,17206.41,36,26
Wellness,2026-08,16973.27,23,16
Women,2026-08,15707.85,17,11
Desserts,2026-08,12762.18,33,27
Tea,2026-08,11900.07,39,34
Notebooks,2026-08,11772.77,36,30
Daily Essentials,2026-08,10084.73,14,11
Personal Care,2026-08,9890.51,11,10
Art Supplies,2026-08,8838.95,23,17
Meals,2026-08,7587.44,17,12
Writing,2026-08,6889.77,26,17
Baby Care,2026-08,5869.14,8,7
Coffee,2026-08,5436.08,16,15
Office Supplies,2026-08,5345.16,20,16
Kids,2026-08,3849.09,5,3
Laptops,2026-09,184138.67,34,28
Home Electronics,2026-09,141217.01,28,20
Accessories,2026-09,128214.96,34,24
Mobiles,2026-09,75346.85,16,13
Snacks,2026-09,46266.86,96,82
Earphones,2026-09,36012.91,30,26
Chargers,2026-09,31262.97,32,25
Cables,2026-09,29514.23,22,21
Beverages,2026-09,27666.02,41,34
Household,2026-09,24815.88,35,27
Men,2026-09,16230.52,8,7
Cases,2026-09,16179.65,20,13
Desserts,2026-09,15443.23,33,27
Pastries,2026-09,15242.72,38,31
Staples,2026-09,15159.66,18,16
Cakes,2026-09,15062.16,34,31
Bread,2026-09,12976.15,35,26
Dairy,2026-09,11390.7,22,16
Baby Care,2026-09,11327.12,16,10
Art Supplies,2026-09,10765.67,39,28
Medicine,2026-09,9863.87,7,6
Women,2026-09,9838.79,6,6
Notebooks,2026-09,8563.41,24,20
Kids,2026-09,8413.37,7,4
Daily Essentials,2026-09,7925.11,7,7
Office Supplies,2026-09,7671.72,22,21
Personal Care,2026-09,7391.76,9,7
Tea,2026-09,7007.11,36,25
Wellness,2026-09,6938.17,5,5
Coffee,2026-09,6814.39,22,15
Writing,2026-09,5182.7,19,14
Meals,2026-09,4187.85,9,7
