date,daily_total_revenue,daily_total_orders,daily_total_units,daily_active_merchants,daily_active_customers,daily_avg_order_value,is_festival,festival_intensity,days_to_festival,days_after_festival,avg_temperature,avg_humidity,total_rainfall,is_rainy_day,day_of_week,day_name,day_of_month,week_of_year,month,quarter,year,is_weekend,is_month_start,is_month_end,lag_1d_revenue,lag_7d_revenue,rolling_7d_avg_revenue
2025-10-01,30408.42,30,39,22,30,1013.61,0,0.0,1,999,27.9,53.8,35.2,1,2,Wednesday,1,40,10,4,2025,0,1,0,30408.42,30408.42,30408.42
2025-10-02,30465.07,32,37,21,32,952.03,1,0.8,0,0,29.3,50.5,5.1,1,3,Thursday,2,40,10,4,2025,0,0,0,30408.42,30408.42,30408.42
2025-10-03,35731.25,24,26,19,24,1488.8,0,0.0,17,1,27.6,52.6,16.8,1,4,Friday,3,40,10,4,2025,0,0,0,30465.07,30408.42,30436.74
2025-10-04,88550.95,31,37,20,31,2856.48,0,0.0,16,2,28.5,55.5,12.8,1,5,Saturday,4,40,10,4,2025,1,0,0,35731.25,30408.42,32201.58
2025-10-05,30265.95,24,27,22,23,1261.08,0,0.0,15,3,27.9,54.3,21.9,1,6,Sunday,5,40,10,4,2025,1,0,0,88550.95,30408.42,46288.92
2025-10-06,41174.33,28,36,20,28,1470.51,0,0.0,14,4,28.3,56.2,14.5,1,0,Monday,6,41,10,4,2025,0,0,0,30265.95,30408.42,43084.33
2025-10-07,40479.89,20,27,16,20,2023.99,0,0.0,13,5,28.6,59.2,19.2,1,1,Tuesday,7,41,10,4,2025,0,0,0,41174.33,30408.42,42766.0
2025-10-08,22057.56,16,21,14,16,1378.6,0,0.0,12,6,25.7,47.0,16.4,1,2,Wednesday,8,41,10,4,2025,0,0,0,40479.89,30408.42,42439.41
2025-10-09,47392.32,26,33,19,26,1822.78,0,0.0,11,7,28.0,53.4,31.6,1,3,Thursday,9,41,10,4,2025,0,0,0,22057.56,30465.07,41246.43
2025-10-10,46890.3,27,33,21,27,1736.68,0,0.0,10,8,26.3,51.2,31.2,1,4,Friday,10,41,10,4,2025,0,0,0,47392.32,35731.25,43664.61
2025-10-11,36211.09,19,22,19,19,1905.85,0,0.0,9,9,26.8,52.7,12.9,1,5,Saturday,11,41,10,4,2025,1,0,0,46890.3,88550.95,45258.76
2025-10-12,42487.92,22,30,19,22,1931.27,0,0.0,8,10,27.3,57.5,20.3,1,6,Sunday,12,41,10,4,2025,1,0,0,36211.09,30265.95,37781.63
2025-10-13,22713.83,27,32,21,27,841.25,0,0.0,7,11,27.9,56.9,28.4,1,0,Monday,13,42,10,4,2025,0,0,0,42487.92,41174.33,39527.63
2025-10-14,42899.69,24,30,17,24,1787.49,0,0.0,6,12,25.4,57.6,4.7,1,1,Tuesday,14,42,10,4,2025,0,0,0,22713.83,40479.89,36890.42
2025-10-15,37413.86,20,22,17,20,1870.69,0,0.0,5,13,25.4,55.5,1.2,1,2,Wednesday,15,42,10,4,2025,0,0,0,42899.69,22057.56,37236.1
2025-10-16,67314.01,32,46,20,32,2103.56,0,0.0,4,14,26.1,56.7,20.2,1,3,Thursday,16,42,10,4,2025,0,0,0,37413.86,47392.32,39429.86
2025-10-17,67781.51,35,47,21,35,1936.61,0,0.0,3,15,25.9,52.7,15.2,1,4,Friday,17,42,10,4,2025,0,0,0,67314.01,46890.3,42275.81
2025-10-18,35153.12,25,33,18,25,1406.12,0,0.0,2,16,24.1,53.4,22.2,1,5,Saturday,18,42,10,4,2025,1,0,0,67781.51,36211.09,45260.27
2025-10-19,82899.08,30,31,23,30,2763.3,0,0.0,1,17,27.8,52.5,15.6,1,6,Sunday,19,42,10,4,2025,1,0,0,35153.12,42487.92,45109.13
2025-10-20,27272.78,30,38,24,30,909.09,1,0.8,0,0,24.9,54.0,16.4,1,0,Monday,20,43,10,4,2025,0,0,0,82899.08,22713.83,50882.16
2025-10-21,36840.68,37,50,24,36,995.69,1,1.0,0,0,25.7,58.6,39.1,1,1,Tuesday,21,43,10,4,2025,0,0,0,27272.78,42899.69,51533.44
2025-10-22,20301.25,25,30,20,25,812.05,1,0.8,0,0,24.1,52.8,7.0,1,2,Wednesday,22,43,10,4,2025,0,0,0,36840.68,37413.86,50667.86
2025-10-23,22854.15,29,42,21,29,788.07,1,0.8,0,0,22.6,55.5,15.5,1,3,Thursday,23,43,10,4,2025,0,0,0,20301.25,67314.01,48223.2
2025-10-24,25088.73,23,32,15,23,1090.81,0,0.0,12,1,23.2,52.0,18.0,1,4,Friday,24,43,10,4,2025,0,0,0,22854.15,67781.51,41871.8
2025-10-25,24308.58,21,27,16,21,1157.55,0,0.0,11,2,24.1,51.9,9.4,1,5,Saturday,25,43,10,4,2025,1,0,0,25088.73,35153.12,35772.83
2025-10-26,62843.63,19,27,14,19,3307.56,0,0.0,10,3,24.7,60.9,4.3,1,6,Sunday,26,43,10,4,2025,1,0,0,24308.58,82899.08,34223.61
2025-10-27,39406.0,21,25,15,21,1876.48,0,0.0,9,4,23.3,56.4,12.2,1,0,Monday,27,44,10,4,2025,0,0,0,62843.63,27272.78,31358.54
2025-10-28,26846.4,27,37,20,26,994.31,0,0.0,8,5,23.6,57.8,16.1,1,1,Tuesday,28,44,10,4,2025,0,0,0,39406.0,36840.68,33091.86
2025-10-29,47013.98,27,29,23,27,1741.26,0,0.0,7,6,24.8,53.6,20.3,1,2,Wednesday,29,44,10,4,2025,0,0,0,26846.4,20301.25,31664.11
2025-10-30,24109.48,27,33,21,27,892.94,0,0.0,6,7,23.4,54.3,27.1,1,3,Thursday,30,44,10,4,2025,0,0,0,47013.98,22854.15,35480.21
2025-10-31,30878.99,23,28,19,23,1342.56,0,0.0,5,8,24.0,49.5,16.7,1,4,Friday,31,44,10,4,2025,0,0,1,24109.48,25088.73,35659.54
2025-11-01,47198.42,19,28,14,19,2484.13,0,0.0,4,9,23.4,57.2,7.3,1,5,Saturday,1,44,11,4,2025,1,1,0,30878.99,24308.58,36486.72
2025-11-02,49394.38,23,28,18,23,2147.58,0,0.0,3,10,22.9,53.7,11.3,1,6,Sunday,2,44,11,4,2025,1,0,0,47198.42,62843.63,39756.7
2025-11-03,29919.11,27,36,21,27,1108.12,0,0.0,2,11,23.0,49.6,21.0,1,0,Monday,3,45,11,4,2025,0,0,0,49394.38,39406.0,37835.38
2025-11-04,48056.11,28,33,23,27,1716.29,0,0.0,1,12,24.0,57.3,16.0,1,1,Tuesday,4,45,11,4,2025,0,0,0,29919.11,26846.4,36480.11
2025-11-05,26930.11,23,36,19,23,1170.87,1,0.8,0,0,24.1,53.6,19.4,1,2,Wednesday,5,45,11,4,2025,0,0,0,48056.11,47013.98,39510.07
2025-11-06,28763.21,31,39,24,31,927.85,0,0.0,49,1,24.3,59.0,26.7,1,3,Thursday,6,45,11,4,2025,0,0,0,26930.11,24109.48,36640.94
2025-11-07,102439.54,37,47,24,37,2768.64,0,0.0,48,2,22.4,55.1,7.9,1,4,Friday,7,45,11,4,2025,0,0,0,28763.21,30878.99,37305.76
2025-11-08,53676.34,29,41,25,29,1850.91,0,0.0,47,3,22.2,52.7,9.3,1,5,Saturday,8,45,11,4,2025,1,0,0,102439.54,47198.42,47528.7
2025-11-09,41218.98,28,31,20,28,1472.11,0,0.0,46,4,21.0,52.7,12.9,1,6,Sunday,9,45,11,4,2025,1,0,0,53676.34,49394.38,48454.11
2025-11-10,34585.86,31,40,21,31,1115.67,0,0.0,45,5,21.2,55.1,22.3,1,0,Monday,10,46,11,4,2025,0,0,0,41218.98,29919.11,47286.2
2025-11-11,50425.27,26,33,21,26,1939.43,0,0.0,44,6,23.4,54.4,19.7,1,1,Tuesday,11,46,11,4,2025,0,0,0,34585.86,48056.11,47952.88
2025-11-12,71522.92,39,58,29,39,1833.92,0,0.0,43,7,20.9,61.9,18.7,1,2,Wednesday,12,46,11,4,2025,0,0,0,50425.27,26930.11,48291.33
2025-11-13,16515.66,18,22,15,18,917.54,0,0.0,42,8,20.0,57.5,9.1,1,3,Thursday,13,46,11,4,2025,0,0,0,71522.92,28763.21,54661.73
2025-11-14,60481.85,29,39,20,29,2085.58,0,0.0,41,9,22.3,54.3,10.4,1,4,Friday,14,46,11,4,2025,0,0,0,16515.66,102439.54,52912.08
2025-11-15,72610.69,36,42,24,36,2016.96,0,0.0,40,10,21.5,56.6,11.6,1,5,Saturday,15,46,11,4,2025,1,0,0,60481.85,53676.34,46918.13
2025-11-16,20833.47,24,27,21,24,868.06,0,0.0,39,11,20.6,52.7,26.6,1,6,Sunday,16,46,11,4,2025,1,0,0,72610.69,41218.98,49623.03
2025-11-17,8716.33,18,29,14,18,484.24,0,0.0,38,12,16.4,55.2,5.7,1,0,Monday,17,47,11,4,2025,0,0,0,20833.47,34585.86,46710.82
2025-11-18,29419.21,32,35,22,32,919.35,0,0.0,37,13,20.2,57.9,27.4,1,1,Tuesday,18,47,11,4,2025,0,0,0,8716.33,50425.27,43015.17
2025-11-19,60608.48,24,30,19,24,2525.35,0,0.0,36,14,19.8,52.1,21.4,1,2,Wednesday,19,47,11,4,2025,0,0,0,29419.21,71522.92,40014.3
2025-11-20,36130.78,32,44,24,32,1129.09,0,0.0,35,15,18.6,55.7,14.2,1,3,Thursday,20,47,11,4,2025,0,0,0,60608.48,16515.66,38455.1
2025-11-21,64068.63,34,47,23,34,1884.37,0,0.0,34,16,19.8,60.9,24.6,1,4,Friday,21,47,11,4,2025,0,0,0,36130.78,60481.85,41257.26
2025-11-22,59282.1,35,50,23,35,1693.77,0,0.0,33,17,21.0,54.2,8.6,1,5,Saturday,22,47,11,4,2025,1,0,0,64068.63,72610.69,41769.66
2025-11-23,30685.02,20,27,17,20,1534.25,0,0.0,32,18,20.4,53.8,14.0,1,6,Sunday,23,47,11,4,2025,1,0,0,59282.1,20833.47,39865.57
2025-11-24,40455.08,37,45,26,37,1093.38,0,0.0,31,19,19.4,55.6,24.0,1,0,Monday,24,48,11,4,2025,0,0,0,30685.02,8716.33,41272.94
2025-11-25,23447.13,24,33,21,24,976.96,0,0.0,30,20,19.4,59.8,10.1,1,1,Tuesday,25,48,11,4,2025,0,0,0,40455.08,29419.21,45807.04
2025-11-26,32711.15,28,32,22,28,1168.26,0,0.0,29,21,19.6,50.7,14.2,1,2,Wednesday,26,48,11,4,2025,0,0,0,23447.13,60608.48,44953.89
2025-11-27,18360.26,19,22,11,19,966.33,0,0.0,28,22,20.7,59.2,5.8,1,3,Thursday,27,48,11,4,2025,0,0,0,32711.15,36130.78,40968.56
2025-11-28,21178.02,28,41,17,28,756.36,0,0.0,27,23,19.2,58.8,5.0,1,4,Friday,28,48,11,4,2025,0,0,0,18360.26,64068.63,38429.91
2025-11-29,17201.93,21,27,14,21,819.14,0,0.0,26,24,18.7,57.8,24.8,1,5,Saturday,29,48,11,4,2025,1,0,0,21178.02,59282.1,32302.68
2025-11-30,48556.01,29,40,22,29,1674.35,0,0.0,25,25,20.3,55.4,27.6,1,6,Sunday,30,48,11,4,2025,1,0,1,17201.93,30685.02,26291.23
2025-12-01,52156.41,30,36,19,29,1738.55,0,0.0,24,26,17.5,57.9,21.0,1,0,Monday,1,49,12,4,2025,0,1,0,48556.01,40455.08,28844.23
2025-12-02,79499.74,37,50,23,36,2148.64,0,0.0,23,27,17.9,55.5,34.8,1,1,Tuesday,2,49,12,4,2025,0,0,0,52156.41,23447.13,30515.84
2025-12-03,39905.63,24,32,21,24,1662.73,0,0.0,22,28,19.9,55.5,14.8,1,2,Wednesday,3,49,12,4,2025,0,0,0,79499.74,32711.15,38523.36
2025-12-04,86203.08,33,44,23,33,2612.21,0,0.0,21,29,19.2,61.2,19.4,1,3,Thursday,4,49,12,4,2025,0,0,0,39905.63,18360.26,39551.14
2025-12-05,25411.44,28,35,21,28,907.55,0,0.0,20,30,18.1,57.3,22.0,1,4,Friday,5,49,12,4,2025,0,0,0,86203.08,21178.02,49242.97
2025-12-06,43360.58,29,32,19,29,1495.19,0,0.0,19,31,17.1,57.3,6.1,1,5,Saturday,6,49,12,4,2025,1,0,0,25411.44,17201.93,49847.75
2025-12-07,57277.46,35,40,25,35,1636.5,0,0.0,18,32,18.3,55.8,37.4,1,6,Sunday,7,49,12,4,2025,1,0,0,43360.58,48556.01,53584.7
2025-12-08,39155.55,23,43,19,23,1702.42,0,0.0,17,33,16.9,54.9,17.3,1,0,Monday,8,50,12,4,2025,0,0,0,57277.46,52156.41,54830.62
2025-12-09,29462.91,30,33,23,30,982.1,0,0.0,16,34,17.1,56.0,21.6,1,1,Tuesday,9,50,12,4,2025,0,0,0,39155.55,79499.74,52973.35
2025-12-10,29785.32,23,28,16,23,1295.01,0,0.0,15,35,17.9,61.3,21.3,1,2,Wednesday,10,50,12,4,2025,0,0,0,29462.91,39905.63,45825.24
2025-12-11,54903.05,38,51,26,38,1444.82,0,0.0,14,36,18.1,62.1,18.3,1,3,Thursday,11,50,12,4,2025,0,0,0,29785.32,86203.08,44379.48
2025-12-12,51201.34,33,43,26,33,1551.56,0,0.0,13,37,16.6,53.8,8.3,1,4,Friday,12,50,12,4,2025,0,0,0,54903.05,25411.44,39908.04
2025-12-13,51645.96,34,40,23,34,1519.0,0,0.0,12,38,17.4,53.1,10.6,1,5,Saturday,13,50,12,4,2025,1,0,0,51201.34,43360.58,43592.32
2025-12-14,27581.23,24,33,22,24,1149.22,0,0.0,11,39,17.7,59.3,14.0,1,6,Sunday,14,50,12,4,2025,1,0,0,51645.96,57277.46,44775.94
2025-12-15,37007.61,26,36,20,26,1423.37,0,0.0,10,40,19.0,53.7,25.4,1,0,Monday,15,51,12,4,2025,0,0,0,27581.23,39155.55,40533.62
2025-12-16,36515.5,26,33,19,26,1404.44,0,0.0,9,41,17.5,62.2,20.2,1,1,Tuesday,16,51,12,4,2025,0,0,0,37007.61,29462.91,40226.77
2025-12-17,43763.09,33,40,21,33,1326.15,0,0.0,8,42,16.3,59.0,38.7,1,2,Wednesday,17,51,12,4,2025,0,0,0,36515.5,29785.32,41234.29
2025-12-18,27394.97,31,39,24,31,883.71,0,0.0,7,43,15.7,56.8,10.6,1,3,Thursday,18,51,12,4,2025,0,0,0,43763.09,54903.05,43231.11
2025-12-19,72152.57,36,47,24,36,2004.24,0,0.0,6,44,16.8,55.5,12.1,1,4,Friday,19,51,12,4,2025,0,0,0,27394.97,51201.34,39301.39
2025-12-20,76939.48,25,33,19,25,3077.58,0,0.0,5,45,16.8,55.6,5.9,1,5,Saturday,20,51,12,4,2025,1,0,0,72152.57,51645.96,42294.42
2025-12-21,41178.49,25,30,21,25,1647.14,0,0.0,4,46,16.0,55.8,6.9,1,6,Sunday,21,51,12,4,2025,1,0,0,76939.48,27581.23,45907.78
2025-12-22,73124.76,29,37,20,29,2521.54,0,0.0,3,47,15.6,55.5,25.0,1,0,Monday,22,52,12,4,2025,0,0,0,41178.49,37007.61,47850.24
2025-12-23,40035.91,30,37,23,30,1334.53,0,0.0,2,48,16.3,54.7,5.5,1,1,Tuesday,23,52,12,4,2025,0,0,0,73124.76,36515.5,53009.84
2025-12-24,73571.17,41,50,33,41,1794.42,0,0.0,1,49,15.9,56.9,25.8,1,2,Wednesday,24,52,12,4,2025,0,0,0,40035.91,43763.09,53512.75
2025-12-25,28492.91,23,30,18,23,1238.82,1,1.0,0,0,15.9,55.9,15.0,1,3,Thursday,25,52,12,4,2025,0,0,0,73571.17,27394.97,57771.05
2025-12-26,23114.45,30,39,23,30,770.48,0,0.0,19,1,16.2,57.2,10.3,1,4,Friday,26,52,12,4,2025,0,0,0,28492.91,72152.57,57927.9
2025-12-27,18150.82,25,32,17,25,726.03,0,0.0,18,2,14.5,61.0,23.9,1,5,Saturday,27,52,12,4,2025,1,0,0,23114.45,76939.48,50922.45
2025-12-28,54149.97,23,26,18,23,2354.35,0,0.0,17,3,17.7,54.7,22.4,1,6,Sunday,28,52,12,4,2025,1,0,0,18150.82,41178.49,42524.07
2025-12-29,27374.66,27,32,21,27,1013.88,0,0.0,16,4,15.8,54.0,13.6,1,0,Monday,29,1,12,4,2025,0,0,0,54149.97,73124.76,44377.14
2025-12-30,29156.87,26,37,21,25,1121.42,0,0.0,15,5,17.5,56.4,5.7,1,1,Tuesday,30,1,12,4,2025,0,0,0,27374.66,40035.91,37841.41
2025-12-31,50483.55,22,27,18,22,2294.71,0,0.0,14,6,17.2,56.7,17.2,1,2,Wednesday,31,1,12,4,2025,0,0,1,29156.87,73571.17,36287.26
2026-01-01,88510.71,29,35,25,29,3052.09,0,0.0,13,7,15.2,52.0,9.6,1,3,Thursday,1,1,1,1,2026,0,1,0,50483.55,28492.91,32989.03
2026-01-02,36506.97,26,33,19,26,1404.11,0,0.0,12,8,16.6,58.5,15.5,1,4,Friday,2,1,1,1,2026,0,0,0,88510.71,23114.45,41563.0
2026-01-03,67743.97,32,43,23,32,2117.0,0,0.0,11,9,16.5,55.2,19.7,1,5,Saturday,3,1,1,1,2026,1,0,0,36506.97,18150.82,43476.22
2026-01-04,65212.72,30,41,20,30,2173.76,0,0.0,10,10,16.2,55.7,27.2,1,6,Sunday,4,1,1,1,2026,1,0,0,67743.97,54149.97,50560.96
2026-01-05,49666.88,27,33,19,27,1839.51,0,0.0,9,11,16.1,58.1,4.2,1,0,Monday,5,2,1,1,2026,0,0,0,65212.72,27374.66,52141.35
2026-01-06,21267.98,20,29,18,20,1063.4,0,0.0,8,12,16.1,58.3,3.7,1,1,Tuesday,6,2,1,1,2026,0,0,0,49666.88,29156.87,55325.95
2026-01-07,59710.97,38,49,29,38,1571.34,0,0.0,7,13,15.3,60.7,24.1,1,2,Wednesday,7,2,1,1,2026,0,0,0,21267.98,50483.55,54198.97
2026-01-08,46083.73,23,27,19,23,2003.64,0,0.0,6,14,15.9,57.8,10.5,1,3,Thursday,8,2,1,1,2026,0,0,0,59710.97,88510.71,55517.17
2026-01-09,28953.57,21,28,18,21,1378.74,0,0.0,5,15,15.7,55.7,14.0,1,4,Friday,9,2,1,1,2026,0,0,0,46083.73,36506.97,49456.17
2026-01-10,37473.04,18,24,14,18,2081.84,0,0.0,4,16,16.5,59.9,20.8,1,5,Saturday,10,2,1,1,2026,1,0,0,28953.57,67743.97,48377.12
2026-01-11,49099.81,22,27,19,22,2231.81,0,0.0,3,17,16.0,52.3,3.6,1,6,Sunday,11,2,1,1,2026,1,0,0,37473.04,65212.72,44052.7
2026-01-12,29388.69,29,36,23,29,1013.4,0,0.0,2,18,16.7,57.0,14.7,1,0,Monday,12,3,1,1,2026,0,0,0,49099.81,49666.88,41750.85
2026-01-13,43674.46,27,30,21,27,1617.57,0,0.0,1,19,15.1,62.2,29.1,1,1,Tuesday,13,3,1,1,2026,0,0,0,29388.69,21267.98,38853.97
2026-01-14,24441.67,25,34,19,25,977.67,1,0.8,0,0,15.4,60.3,26.2,1,2,Wednesday,14,3,1,1,2026,0,0,0,43674.46,59710.97,42054.9
2026-01-15,37389.21,32,43,27,32,1168.41,0,0.0,11,1,15.9,51.8,15.6,1,3,Thursday,15,3,1,1,2026,0,0,0,24441.67,46083.73,37016.42
2026-01-16,66268.2,37,49,28,37,1791.03,0,0.0,10,2,16.3,62.4,36.3,1,4,Friday,16,3,1,1,2026,0,0,0,37389.21,28953.57,35774.35
2026-01-17,57370.12,32,39,25,32,1792.82,0,0.0,9,3,14.4,61.5,14.3,1,5,Saturday,17,3,1,1,2026,1,0,0,66268.2,37473.04,41105.01
2026-01-18,45011.38,24,26,19,24,1875.47,0,0.0,8,4,15.9,55.5,22.7,1,6,Sunday,18,3,1,1,2026,1,0,0,57370.12,49099.81,43947.45
2026-01-19,43885.88,21,28,16,21,2089.8,0,0.0,7,5,16.4,63.8,12.8,1,0,Monday,19,4,1,1,2026,0,0,0,45011.38,29388.69,43363.39
2026-01-20,36272.54,29,37,19,29,1250.78,0,0.0,6,6,14.5,53.3,23.3,1,1,Tuesday,20,4,1,1,2026,0,0,0,43885.88,43674.46,45434.42
2026-01-21,41023.97,34,45,25,34,1206.59,0,0.0,5,7,15.3,56.8,22.6,1,2,Wednesday,21,4,1,1,2026,0,0,0,36272.54,24441.67,44377.0
2026-01-22,26934.04,25,27,20,25,1077.36,0,0.0,4,8,16.8,62.8,14.3,1,3,Thursday,22,4,1,1,2026,0,0,0,41023.97,37389.21,46745.9
2026-01-23,22507.64,24,31,20,24,937.82,0,0.0,3,9,16.0,55.3,18.0,1,4,Friday,23,4,1,1,2026,0,0,0,26934.04,66268.2,45252.3
2026-01-24,54160.05,30,44,22,30,1805.34,0,0.0,2,10,17.8,53.3,6.9,1,5,Saturday,24,4,1,1,2026,1,0,0,22507.64,57370.12,39000.8
2026-01-25,45189.71,37,43,24,36,1221.34,0,0.0,1,11,17.1,56.8,20.4,1,6,Sunday,25,4,1,1,2026,1,0,0,54160.05,45011.38,38542.21
2026-01-26,57112.04,25,33,18,25,2284.48,1,0.8,0,0,16.3,52.3,23.4,1,0,Monday,26,5,1,1,2026,0,0,0,45189.71,43885.88,38567.69
2026-01-27,43508.23,28,34,22,28,1553.87,0,0.0,36,1,16.4,56.4,18.2,1,1,Tuesday,27,5,1,1,2026,0,0,0,57112.04,36272.54,40457.14
2026-01-28,32841.57,33,41,22,33,995.2,0,0.0,35,2,16.5,53.2,21.0,1,2,Wednesday,28,5,1,1,2026,0,0,0,43508.23,41023.97,41490.81
2026-01-29,35051.62,22,26,18,22,1593.26,0,0.0,34,3,16.0,59.3,25.5,1,3,Thursday,29,5,1,1,2026,0,0,0,32841.57,26934.04,40321.9
2026-01-30,59334.57,32,34,26,32,1854.21,0,0.0,33,4,15.0,55.3,25.4,1,4,Friday,30,5,1,1,2026,0,0,0,35051.62,22507.64,41481.55
2026-01-31,42184.01,34,45,25,34,1240.71,0,0.0,32,5,15.7,53.4,6.2,1,5,Saturday,31,5,1,1,2026,1,0,1,59334.57,54160.05,46742.54
2026-02-01,29354.79,24,30,17,24,1223.12,0,0.0,31,6,14.2,57.4,25.5,1,6,Sunday,1,5,2,1,2026,1,1,0,42184.01,45189.71,45031.68
2026-02-02,42679.23,34,47,26,34,1255.27,0,0.0,30,7,14.0,53.8,26.6,1,0,Monday,2,6,2,1,2026,0,0,0,29354.79,57112.04,42769.55
2026-02-03,54909.84,32,38,25,32,1715.93,0,0.0,29,8,17.2,62.0,9.3,1,1,Tuesday,3,6,2,1,2026,0,0,0,42679.23,43508.23,40707.72
2026-02-04,52162.37,32,45,20,32,1630.07,0,0.0,28,9,15.4,54.2,19.0,1,2,Wednesday,4,6,2,1,2026,0,0,0,54909.84,32841.57,42336.52
2026-02-05,16264.55,16,17,11,16,1016.53,0,0.0,27,10,17.1,60.0,25.1,1,3,Thursday,5,6,2,1,2026,0,0,0,52162.37,35051.62,45096.63
2026-02-06,42369.41,27,38,21,27,1569.24,0,0.0,26,11,17.6,56.3,9.0,1,4,Friday,6,6,2,1,2026,0,0,0,16264.55,59334.57,42412.77
2026-02-07,57574.42,31,42,25,29,1857.24,0,0.0,25,12,17.0,58.4,20.3,1,5,Saturday,7,6,2,1,2026,1,0,0,42369.41,42184.01,39989.17
2026-02-08,39828.16,23,29,19,23,1731.66,0,0.0,24,13,16.2,56.7,18.1,1,6,Sunday,8,6,2,1,2026,1,0,0,57574.42,29354.79,42187.8
2026-02-09,51975.45,23,31,15,23,2259.8,0,0.0,23,14,17.1,51.7,6.8,1,0,Monday,9,7,2,1,2026,0,0,0,39828.16,42679.23,43684.0
2026-02-10,55911.85,26,31,21,26,2150.46,0,0.0,22,15,17.9,57.3,6.8,1,1,Tuesday,10,7,2,1,2026,0,0,0,51975.45,54909.84,45012.03
2026-02-11,13831.98,15,16,15,15,922.13,0,0.0,21,16,15.5,60.6,5.0,1,2,Wednesday,11,7,2,1,2026,0,0,0,55911.85,52162.37,45155.17
2026-02-12,64279.17,33,42,22,33,1947.85,0,0.0,20,17,16.8,53.3,20.0,1,3,Thursday,12,7,2,1,2026,0,0,0,13831.98,16264.55,39679.4
2026-02-13,18967.51,24,34,22,24,790.31,0,0.0,19,18,16.9,56.2,10.5,1,4,Friday,13,7,2,1,2026,0,0,0,64279.17,42369.41,46538.63
2026-02-14,36149.19,33,42,21,33,1095.43,0,0.0,18,19,17.3,55.8,23.8,1,5,Saturday,14,7,2,1,2026,1,0,0,18967.51,57574.42,43195.51
2026-02-15,22534.8,20,28,17,20,1126.74,0,0.0,17,20,17.2,56.7,8.2,1,6,Sunday,15,7,2,1,2026,1,0,0,36149.19,39828.16,40134.76
2026-02-16,41616.08,22,23,16,22,1891.64,0,0.0,16,21,16.3,51.7,11.7,1,0,Monday,16,8,2,1,2026,0,0,0,22534.8,51975.45,37664.28
2026-02-17,48466.89,31,35,23,31,1563.45,0,0.0,15,22,16.6,56.1,3.6,1,1,Tuesday,17,8,2,1,2026,0,0,0,41616.08,55911.85,36184.37
2026-02-18,24909.31,22,24,18,22,1132.24,0,0.0,14,23,17.3,58.4,7.5,1,2,Wednesday,18,8,2,1,2026,0,0,0,48466.89,13831.98,35120.8
2026-02-19,27522.78,25,38,20,25,1100.91,0,0.0,13,24,19.0,54.2,25.0,1,3,Thursday,19,8,2,1,2026,0,0,0,24909.31,64279.17,36703.28
2026-02-20,33994.43,30,37,21,30,1133.15,0,0.0,12,25,18.4,56.0,28.4,1,4,Friday,20,8,2,1,2026,0,0,0,27522.78,18967.51,31452.37
2026-02-21,41548.48,31,39,25,31,1340.27,0,0.0,11,26,17.3,55.9,22.0,1,5,Saturday,21,8,2,1,2026,1,0,0,33994.43,36149.19,33599.07
2026-02-22,36831.06,40,54,29,40,920.78,0,0.0,10,27,18.8,54.6,20.8,1,6,Sunday,22,8,2,1,2026,1,0,0,41548.48,22534.8,34370.4
2026-02-23,45469.34,27,29,22,27,1684.05,0,0.0,9,28,18.9,61.0,20.6,1,0,Monday,23,9,2,1,2026,0,0,0,36831.06,41616.08,36412.72
2026-02-24,34062.3,21,26,20,21,1622.01,0,0.0,8,29,18.6,56.6,7.6,1,1,Tuesday,24,9,2,1,2026,0,0,0,45469.34,48466.89,36963.18
2026-02-25,24467.17,24,33,16,24,1019.47,0,0.0,7,30,20.1,61.8,17.4,1,2,Wednesday,25,9,2,1,2026,0,0,0,34062.3,24909.31,34905.39
2026-02-26,73732.89,36,40,27,36,2048.14,0,0.0,6,31,19.4,56.5,6.7,1,3,Thursday,26,9,2,1,2026,0,0,0,24467.17,27522.78,34842.22
2026-02-27,72566.48,33,44,23,32,2198.98,0,0.0,5,32,19.0,56.4,21.2,1,4,Friday,27,9,2,1,2026,0,0,0,73732.89,33994.43,41443.67
2026-02-28,30863.64,24,26,20,24,1285.98,0,0.0,4,33,19.4,58.1,18.3,1,5,Saturday,28,9,2,1,2026,1,0,1,72566.48,41548.48,46953.96
2026-03-01,66706.24,36,49,28,35,1852.95,0,0.0,3,34,19.0,58.5,31.2,1,6,Sunday,1,9,3,1,2026,1,1,0,30863.64,36831.06,45427.55
2026-03-02,61826.9,27,31,23,27,2289.89,0,0.0,2,35,20.1,55.4,11.4,1,0,Monday,2,10,3,1,2026,0,0,0,66706.24,45469.34,49695.44
2026-03-03,77376.18,41,54,28,41,1887.22,0,0.0,1,36,19.3,58.4,20.2,1,1,Tuesday,3,10,3,1,2026,0,0,0,61826.9,34062.3,52032.23
2026-03-04,64435.95,34,48,23,34,1895.18,1,1.0,0,0,20.8,58.4,23.1,1,2,Wednesday,4,10,3,1,2026,0,0,0,77376.18,24467.17,58219.93
2026-03-05,58174.44,27,35,22,27,2154.61,0,0.0,14,1,19.5,58.1,20.4,1,3,Thursday,5,10,3,1,2026,0,0,0,64435.95,73732.89,63929.75
2026-03-06,30238.06,22,28,20,22,1374.46,0,0.0,13,2,19.3,55.3,16.8,1,4,Friday,6,10,3,1,2026,0,0,0,58174.44,72566.48,61707.12
2026-03-07,45569.78,25,32,21,25,1822.79,0,0.0,12,3,20.1,56.6,8.9,1,5,Saturday,7,10,3,1,2026,1,0,0,30238.06,30863.64,55660.2
2026-03-08,56043.24,33,36,22,33,1698.28,0,0.0,11,4,20.9,56.4,12.4,1,6,Sunday,8,10,3,1,2026,1,0,0,45569.78,66706.24,57761.08
2026-03-09,30323.02,22,24,20,22,1378.32,0,0.0,10,5,19.9,55.2,7.1,1,0,Monday,9,11,3,1,2026,0,0,0,56043.24,61826.9,56237.79
2026-03-10,21993.06,28,36,22,28,785.47,0,0.0,9,6,20.4,54.3,17.2,1,1,Tuesday,10,11,3,1,2026,0,0,0,30323.02,77376.18,51737.24
2026-03-11,26508.99,29,39,23,28,914.1,0,0.0,8,7,18.9,54.9,13.7,1,2,Wednesday,11,11,3,1,2026,0,0,0,21993.06,64435.95,43825.36
2026-03-12,61351.57,27,33,21,26,2272.28,0,0.0,7,8,19.2,52.3,15.6,1,3,Thursday,12,11,3,1,2026,0,0,0,26508.99,58174.44,38407.23
2026-03-13,54477.65,31,34,23,30,1757.34,0,0.0,6,9,20.2,56.9,18.6,1,4,Friday,13,11,3,1,2026,0,0,0,61351.57,30238.06,38861.1
2026-03-14,52468.25,20,29,18,20,2623.41,0,0.0,5,10,20.2,54.5,2.4,1,5,Saturday,14,11,3,1,2026,1,0,0,54477.65,45569.78,42323.9
2026-03-15,33303.22,25,33,19,25,1332.13,0,0.0,4,11,20.2,51.8,21.8,1,6,Sunday,15,11,3,1,2026,1,0,0,52468.25,56043.24,43309.4
2026-03-16,40776.28,26,38,18,26,1568.32,0,0.0,3,12,22.3,56.7,11.4,1,0,Monday,16,12,3,1,2026,0,0,0,33303.22,30323.02,40060.82
2026-03-17,53628.01,30,33,25,30,1787.6,0,0.0,2,13,22.1,57.2,3.1,1,1,Tuesday,17,12,3,1,2026,0,0,0,40776.28,21993.06,41554.15
2026-03-18,44052.25,24,33,21,24,1835.51,0,0.0,1,14,21.4,55.1,12.0,1,2,Wednesday,18,12,3,1,2026,0,0,0,53628.01,26508.99,46073.42
2026-03-19,50319.36,35,46,24,35,1437.7,1,0.9,0,0,23.4,53.4,46.2,1,3,Thursday,19,12,3,1,2026,0,0,0,44052.25,61351.57,48579.6
2026-03-20,40839.55,26,28,17,26,1570.75,0,0.0,7,1,22.4,58.1,14.9,1,4,Friday,20,12,3,1,2026,0,0,0,50319.36,54477.65,47003.57
2026-03-21,28507.23,17,19,15,17,1676.9,0,0.0,6,2,22.6,53.5,11.4,1,5,Saturday,21,12,3,1,2026,1,0,0,40839.55,52468.25,45055.27
2026-03-22,49339.07,30,37,22,30,1644.64,0,0.0,5,3,22.7,57.9,19.8,1,6,Sunday,22,12,3,1,2026,1,0,0,28507.23,33303.22,41632.27
2026-03-23,33571.07,17,24,15,17,1974.77,0,0.0,4,4,23.3,57.4,26.6,1,0,Monday,23,13,3,1,2026,0,0,0,49339.07,40776.28,43923.11
2026-03-24,28698.25,31,36,22,31,925.75,0,0.0,3,5,23.9,56.6,16.2,1,1,Tuesday,24,13,3,1,2026,0,0,0,33571.07,53628.01,42893.79
2026-03-25,69612.32,28,31,24,27,2486.15,0,0.0,2,6,21.9,52.2,13.6,1,2,Wednesday,25,13,3,1,2026,0,0,0,28698.25,44052.25,39332.4
2026-03-26,28306.68,30,33,21,30,943.56,0,0.0,1,7,21.6,52.3,26.0,1,3,Thursday,26,13,3,1,2026,0,0,0,69612.32,50319.36,42983.84
2026-03-27,29717.23,22,28,19,22,1350.78,1,0.8,0,0,25.7,56.8,14.9,1,4,Friday,27,13,3,1,2026,0,0,0,28306.68,40839.55,39839.17
2026-03-28,45234.78,28,34,20,28,1615.53,0,0.0,3,1,22.4,53.3,9.9,1,5,Saturday,28,13,3,1,2026,1,0,0,29717.23,28507.23,38250.26
2026-03-29,45440.87,27,36,22,27,1683.0,0,0.0,2,2,25.4,50.0,12.3,1,6,Sunday,29,13,3,1,2026,1,0,0,45234.78,49339.07,40639.91
2026-03-30,21631.62,22,24,19,22,983.26,0,0.0,1,3,22.3,53.3,10.4,1,0,Monday,30,14,3,1,2026,0,0,0,45440.87,33571.07,40083.03
2026-03-31,66938.95,37,41,20,37,1809.16,1,1.0,0,0,24.8,54.6,16.6,1,1,Tuesday,31,14,3,1,2026,0,0,1,21631.62,28698.25,38377.39
2026-04-01,29536.71,29,35,22,29,1018.51,0,0.0,13,1,25.0,56.3,16.8,1,2,Wednesday,1,14,4,2,2026,0,1,0,66938.95,69612.32,43840.35
2026-04-02,72116.11,37,49,26,37,1949.08,0,0.0,12,2,23.6,52.0,13.5,1,3,Thursday,2,14,4,2,2026,0,0,0,29536.71,28306.68,38115.26
2026-04-03,27706.98,30,39,23,30,923.57,0,0.0,11,3,24.9,53.0,7.1,1,4,Friday,3,14,4,2,2026,0,0,0,72116.11,29717.23,44373.75
2026-04-04,44056.03,34,43,23,34,1295.77,0,0.0,10,4,24.5,55.7,10.1,1,5,Saturday,4,14,4,2,2026,1,0,0,27706.98,45234.78,44086.57
2026-04-05,57474.01,33,40,24,33,1741.64,0,0.0,9,5,25.2,58.3,26.8,1,6,Sunday,5,14,4,2,2026,1,0,0,44056.03,45440.87,43918.18
2026-04-06,64397.12,37,46,27,36,1740.46,0,0.0,8,6,25.1,47.0,19.7,1,0,Monday,6,15,4,2,2026,0,0,0,57474.01,21631.62,45637.2
2026-04-07,32032.72,23,25,18,23,1392.73,0,0.0,7,7,25.9,50.9,15.8,1,1,Tuesday,7,15,4,2,2026,0,0,0,64397.12,66938.95,51746.56
2026-04-08,57196.61,29,34,20,29,1972.3,0,0.0,6,8,25.8,54.9,20.6,1,2,Wednesday,8,15,4,2,2026,0,0,0,32032.72,29536.71,46759.95
2026-04-09,39378.6,29,44,24,29,1357.88,0,0.0,5,9,23.7,53.3,27.3,1,3,Thursday,9,15,4,2,2026,0,0,0,57196.61,72116.11,50711.37
2026-04-10,36902.51,24,28,16,24,1537.6,0,0.0,4,10,23.6,52.0,8.0,1,4,Friday,10,15,4,2,2026,0,0,0,39378.6,27706.98,46034.58
2026-04-11,38480.65,22,26,16,22,1749.12,0,0.0,3,11,28.1,55.0,19.8,1,5,Saturday,11,15,4,2,2026,1,0,0,36902.51,44056.03,47348.23
2026-04-12,41416.69,24,32,16,24,1725.7,0,0.0,2,12,26.9,54.5,35.9,1,6,Sunday,12,15,4,2,2026,1,0,0,38480.65,57474.01,46551.75
2026-04-13,35623.27,26,34,20,25,1370.13,0,0.0,1,13,25.6,53.0,17.8,1,0,Monday,13,16,4,2,2026,0,0,0,41416.69,64397.12,44257.84
2026-04-14,42859.23,24,25,20,24,1785.8,1,0.9,0,0,27.4,49.9,15.7,1,1,Tuesday,14,16,4,2,2026,0,0,0,35623.27,32032.72,40147.29
2026-04-15,22068.82,17,24,14,17,1298.17,0,0.0,122,1,27.6,56.8,8.9,1,2,Wednesday,15,16,4,2,2026,0,0,0,42859.23,57196.61,41693.94
2026-04-16,40367.03,32,41,22,32,1261.47,0,0.0,121,2,25.9,55.7,14.8,1,3,Thursday,16,16,4,2,2026,0,0,0,22068.82,39378.6,36675.68
2026-04-17,28734.0,31,41,22,31,926.9,0,0.0,120,3,27.0,53.8,19.5,1,4,Friday,17,16,4,2,2026,0,0,0,40367.03,36902.51,36816.89
2026-04-18,39460.19,28,32,24,28,1409.29,0,0.0,119,4,27.2,50.3,20.1,1,5,Saturday,18,16,4,2,2026,1,0,0,28734.0,38480.65,35649.96
2026-04-19,28881.21,31,42,21,31,931.65,0,0.0,118,5,27.3,51.3,9.3,1,6,Sunday,19,16,4,2,2026,1,0,0,39460.19,41416.69,35789.89
2026-04-20,35349.4,22,29,16,22,1606.79,0,0.0,117,6,29.0,49.4,15.5,1,0,Monday,20,17,4,2,2026,0,0,0,28881.21,35623.27,33999.11
2026-04-21,31583.66,31,37,26,31,1018.83,0,0.0,116,7,27.2,51.6,23.7,1,1,Tuesday,21,17,4,2,2026,0,0,0,35349.4,42859.23,33959.98
2026-04-22,26715.44,20,21,13,20,1335.77,0,0.0,115,8,28.1,54.1,17.6,1,2,Wednesday,22,17,4,2,2026,0,0,0,31583.66,22068.82,32349.19
2026-04-23,23298.84,27,28,18,27,862.92,0,0.0,114,9,28.8,56.6,6.3,1,3,Thursday,23,17,4,2,2026,0,0,0,26715.44,40367.03,33012.99
2026-04-24,44410.64,29,35,21,29,1531.4,0,0.0,113,10,28.5,47.6,12.8,1,4,Friday,24,17,4,2,2026,0,0,0,23298.84,28734.0,30574.68
2026-04-25,30075.36,28,38,21,28,1074.12,0,0.0,112,11,27.8,54.7,13.5,1,5,Saturday,25,17,4,2,2026,1,0,0,44410.64,39460.19,32814.2
2026-04-26,26260.3,28,41,18,28,937.87,0,0.0,111,12,27.9,57.6,16.1,1,6,Sunday,26,17,4,2,2026,1,0,0,30075.36,28881.21,31473.51
2026-04-27,27541.3,19,26,15,19,1449.54,0,0.0,110,13,28.4,53.5,6.5,1,0,Monday,27,18,4,2,2026,0,0,0,26260.3,35349.4,31099.09
2026-04-28,28466.33,26,37,20,26,1094.86,0,0.0,109,14,28.6,51.8,10.3,1,1,Tuesday,28,18,4,2,2026,0,0,0,27541.3,31583.66,29983.65
2026-04-29,17677.48,17,22,16,17,1039.85,0,0.0,108,15,30.3,50.4,18.3,1,2,Wednesday,29,18,4,2,2026,0,0,0,28466.33,26715.44,29538.32
2026-04-30,27587.37,29,31,21,29,951.29,0,0.0,107,16,30.5,53.3,28.9,1,3,Thursday,30,18,4,2,2026,0,0,1,17677.48,23298.84,28247.18
2026-05-01,37550.26,26,34,18,26,1444.24,0,0.0,106,17,29.5,55.9,24.7,1,4,Friday,1,18,5,2,2026,0,1,0,27587.37,44410.64,28859.83
2026-05-02,37126.51,23,24,15,23,1614.2,0,0.0,105,18,30.5,53.3,17.3,1,5,Saturday,2,18,5,2,2026,1,0,0,37550.26,30075.36,27879.77
2026-05-03,56301.27,33,44,23,33,1706.1,0,0.0,104,19,30.2,54.3,18.2,1,6,Sunday,3,18,5,2,2026,1,0,0,37126.51,26260.3,28887.08
2026-05-04,33330.03,23,30,18,23,1449.13,0,0.0,103,20,29.9,51.9,6.2,1,0,Monday,4,19,5,2,2026,0,0,0,56301.27,27541.3,33178.65
2026-05-05,41596.19,30,32,23,30,1386.54,0,0.0,102,21,29.7,54.0,21.5,1,1,Tuesday,5,19,5,2,2026,0,0,0,33330.03,28466.33,34005.61
2026-05-06,68812.14,40,54,30,40,1720.3,0,0.0,101,22,32.0,48.9,14.1,1,2,Wednesday,6,19,5,2,2026,0,0,0,41596.19,17677.48,35881.3
2026-05-07,50695.52,36,52,23,36,1408.21,0,0.0,100,23,30.2,52.5,26.6,1,3,Thursday,7,19,5,2,2026,0,0,0,68812.14,27587.37,43186.25
2026-05-08,41914.74,39,49,31,38,1074.74,0,0.0,99,24,30.3,54.4,4.1,1,4,Friday,8,19,5,2,2026,0,0,0,50695.52,37550.26,46487.42
2026-05-09,48900.99,23,28,17,23,2126.13,0,0.0,98,25,33.2,53.0,17.3,1,5,Saturday,9,19,5,2,2026,1,0,0,41914.74,37126.51,47110.91
2026-05-10,51921.63,25,32,21,25,2076.87,0,0.0,97,26,32.6,47.3,10.3,1,6,Sunday,10,19,5,2,2026,1,0,0,48900.99,56301.27,48792.98
2026-05-11,48135.84,32,37,25,32,1504.24,0,0.0,96,27,31.4,57.3,11.1,1,0,Monday,11,20,5,2,2026,0,0,0,51921.63,33330.03,48167.32
2026-05-12,33718.07,23,31,20,23,1466.0,0,0.0,95,28,32.2,54.8,13.2,1,1,Tuesday,12,20,5,2,2026,0,0,0,48135.84,41596.19,50282.44
2026-05-13,42460.24,30,35,23,30,1415.34,0,0.0,94,29,33.7,51.5,22.7,1,2,Wednesday,13,20,5,2,2026,0,0,0,33718.07,68812.14,49156.99
2026-05-14,27565.25,28,31,20,28,984.47,0,0.0,93,30,33.8,47.6,15.0,1,3,Thursday,14,20,5,2,2026,0,0,0,42460.24,50695.52,45392.43
2026-05-15,49150.09,25,34,17,25,1966.0,0,0.0,92,31,32.4,46.8,29.5,1,4,Friday,15,20,5,2,2026,0,0,0,27565.25,41914.74,42088.11
2026-05-16,77569.41,35,47,26,35,2216.27,0,0.0,91,32,33.0,54.5,6.7,1,5,Saturday,16,20,5,2,2026,1,0,0,49150.09,48900.99,43121.73
2026-05-17,35833.28,27,33,21,27,1327.16,0,0.0,90,33,33.2,51.5,15.9,1,6,Sunday,17,20,5,2,2026,1,0,0,77569.41,51921.63,47217.22
2026-05-18,35268.45,28,37,24,28,1259.59,0,0.0,89,34,32.6,51.9,31.9,1,0,Monday,18,21,5,2,2026,0,0,0,35833.28,48135.84,44918.88
2026-05-19,35483.48,33,42,24,33,1075.26,0,0.0,88,35,31.5,54.0,34.9,1,1,Tuesday,19,21,5,2,2026,0,0,0,35268.45,33718.07,43080.68
2026-05-20,43755.84,25,29,18,25,1750.23,0,0.0,87,36,33.1,49.9,1.5,1,2,Wednesday,20,21,5,2,2026,0,0,0,35483.48,42460.24,43332.89
2026-05-21,45001.35,28,34,19,27,1607.19,0,0.0,86,37,33.8,46.0,10.4,1,3,Thursday,21,21,5,2,2026,0,0,0,43755.84,27565.25,43517.97
2026-05-22,50417.63,35,42,27,35,1440.5,0,0.0,85,38,33.5,52.9,34.4,1,4,Friday,22,21,5,2,2026,0,0,0,45001.35,49150.09,46008.84
2026-05-23,46276.19,35,47,24,35,1322.18,0,0.0,84,39,32.3,46.6,24.0,1,5,Saturday,23,21,5,2,2026,1,0,0,50417.63,77569.41,46189.92
2026-05-24,44752.15,28,37,20,28,1598.29,0,0.0,83,40,31.9,47.2,15.2,1,6,Sunday,24,21,5,2,2026,1,0,0,46276.19,35833.28,41719.46
2026-05-25,31581.53,20,26,18,20,1579.08,0,0.0,82,41,33.4,50.1,18.8,1,0,Monday,25,22,5,2,2026,0,0,0,44752.15,35268.45,42993.58
2026-05-26,20529.13,23,30,20,23,892.57,0,0.0,81,42,33.7,50.1,16.9,1,1,Tuesday,26,22,5,2,2026,0,0,0,31581.53,35483.48,42466.88
2026-05-27,69919.22,36,49,26,36,1942.2,0,0.0,80,43,35.2,52.2,28.7,1,2,Wednesday,27,22,5,2,2026,0,0,0,20529.13,43755.84,40330.55
2026-05-28,77383.91,29,33,25,29,2668.41,0,0.0,79,44,34.8,52.9,17.7,1,3,Thursday,28,22,5,2,2026,0,0,0,69919.22,45001.35,44068.17
2026-05-29,30149.57,26,35,20,26,1159.6,0,0.0,78,45,33.8,50.0,12.5,1,4,Friday,29,22,5,2,2026,0,0,0,77383.91,50417.63,48694.25
2026-05-30,44804.02,30,39,24,30,1493.47,0,0.0,77,46,35.6,52.0,15.7,1,5,Saturday,30,22,5,2,2026,1,0,0,30149.57,46276.19,45798.81
2026-05-31,38273.51,33,40,20,33,1159.8,0,0.0,76,47,34.4,51.7,19.8,1,6,Sunday,31,22,5,2,2026,1,0,1,44804.02,44752.15,45588.5
2026-06-01,31092.76,26,29,19,26,1195.88,0,0.0,75,48,34.8,49.8,39.5,1,0,Monday,1,23,6,2,2026,0,1,0,38273.51,31581.53,44662.98
2026-06-02,30308.16,26,31,20,26,1165.7,0,0.0,74,49,34.4,51.6,32.2,1,1,Tuesday,2,23,6,2,2026,0,0,0,31092.76,20529.13,44593.16
2026-06-03,64888.13,19,22,14,19,3415.16,0,0.0,73,50,35.2,49.3,10.4,1,2,Wednesday,3,23,6,2,2026,0,0,0,30308.16,69919.22,45990.16
2026-06-04,39498.46,24,30,18,24,1645.77,0,0.0,72,51,35.7,52.3,69.2,1,3,Thursday,4,23,6,2,2026,0,0,0,64888.13,77383.91,45271.44
2026-06-05,31216.07,32,45,22,32,975.5,0,0.0,71,52,34.5,49.3,23.8,1,4,Friday,5,23,6,2,2026,0,0,0,39498.46,30149.57,39859.23
2026-06-06,55215.42,24,28,18,24,2300.64,0,0.0,70,53,34.3,52.9,45.6,1,5,Saturday,6,23,6,2,2026,1,0,0,31216.07,44804.02,40011.59
2026-06-07,36220.7,37,45,26,37,978.94,0,0.0,69,54,36.1,50.8,66.2,1,6,Sunday,7,23,6,2,2026,1,0,0,55215.42,38273.51,41498.93
2026-06-08,31123.02,23,28,18,22,1353.17,0,0.0,68,55,36.4,43.7,27.6,1,0,Monday,8,24,6,2,2026,0,0,0,36220.7,31092.76,41205.67
2026-06-09,30726.96,33,43,22,33,931.12,0,0.0,67,56,35.5,51.8,22.5,1,1,Tuesday,9,24,6,2,2026,0,0,0,31123.02,30308.16,41209.99
2026-06-10,22788.09,27,33,22,27,844.0,0,0.0,66,57,36.2,49.7,35.0,1,2,Wednesday,10,24,6,2,2026,0,0,0,30726.96,64888.13,41269.82
2026-06-11,34013.75,33,45,27,33,1030.72,0,0.0,65,58,35.6,54.0,48.4,1,3,Thursday,11,24,6,2,2026,0,0,0,22788.09,39498.46,35255.53
2026-06-12,15202.92,24,32,21,24,633.46,0,0.0,64,59,34.8,48.9,17.7,1,4,Friday,12,24,6,2,2026,0,0,0,34013.75,31216.07,34472.0
2026-06-13,59566.07,27,36,23,27,2206.15,0,0.0,63,60,36.1,44.5,72.1,1,5,Saturday,13,24,6,2,2026,1,0,0,15202.92,55215.42,32184.41
2026-06-14,56828.02,32,42,25,32,1775.88,0,0.0,62,61,37.0,49.9,61.3,1,6,Sunday,14,24,6,2,2026,1,0,0,59566.07,36220.7,32805.93
2026-06-15,38219.25,29,35,17,29,1317.91,0,0.0,61,62,35.3,52.1,89.6,1,0,Monday,15,25,6,2,2026,0,0,0,56828.02,31123.02,35749.83
2026-06-16,69157.29,31,38,22,31,2230.88,0,0.0,60,63,37.4,50.8,43.5,1,1,Tuesday,16,25,6,2,2026,0,0,0,38219.25,30726.96,36763.58
2026-06-17,45646.62,30,37,25,30,1521.55,0,0.0,59,64,38.6,55.3,32.2,1,2,Wednesday,17,25,6,2,2026,0,0,0,69157.29,22788.09,42253.63
2026-06-18,45480.72,25,29,18,25,1819.23,0,0.0,58,65,35.5,54.6,29.0,1,3,Thursday,18,25,6,2,2026,0,0,0,45646.62,34013.75,45519.13
2026-06-19,32480.7,22,31,17,22,1476.4,0,0.0,57,66,36.3,53.5,24.4,1,4,Friday,19,25,6,2,2026,0,0,0,45480.72,15202.92,47157.27
2026-06-20,23291.29,24,29,18,24,970.47,0,0.0,56,67,37.4,47.5,26.3,1,5,Saturday,20,25,6,2,2026,1,0,0,32480.7,59566.07,49625.52
2026-06-21,36945.79,28,34,22,28,1319.49,0,0.0,55,68,36.0,52.7,20.1,1,6,Sunday,21,25,6,2,2026,1,0,0,23291.29,56828.02,44443.41
2026-06-22,63597.58,35,45,25,35,1817.07,0,0.0,54,69,36.4,52.4,35.0,1,0,Monday,22,26,6,2,2026,0,0,0,36945.79,38219.25,41603.09
2026-06-23,48395.75,23,30,15,23,2104.16,0,0.0,53,70,37.8,48.8,33.3,1,1,Tuesday,23,26,6,2,2026,0,0,0,63597.58,69157.29,45228.57
2026-06-24,43664.89,15,19,14,15,2910.99,0,0.0,52,71,37.7,54.5,9.1,1,2,Wednesday,24,26,6,2,2026,0,0,0,48395.75,45646.62,42262.64
2026-06-25,29067.41,25,32,19,25,1162.7,0,0.0,51,72,37.0,50.2,26.9,1,3,Thursday,25,26,6,2,2026,0,0,0,43664.89,45480.72,41979.53
2026-06-26,50689.65,29,39,21,29,1747.92,0,0.0,50,73,37.0,53.4,23.8,1,4,Friday,26,26,6,2,2026,0,0,0,29067.41,32480.7,39634.77
2026-06-27,51390.17,24,30,17,24,2141.26,0,0.0,49,74,38.6,46.2,37.6,1,5,Saturday,27,26,6,2,2026,1,0,0,50689.65,23291.29,42236.05
2026-06-28,43378.97,33,41,23,33,1314.51,0,0.0,48,75,37.9,45.2,40.6,1,6,Sunday,28,26,6,2,2026,1,0,0,51390.17,36945.79,46250.18
2026-06-29,35978.72,26,30,20,26,1383.8,0,0.0,47,76,37.7,49.1,22.7,1,0,Monday,29,27,6,2,2026,0,0,0,43378.97,63597.58,47169.2
2026-06-30,22631.85,24,30,19,24,942.99,0,0.0,46,77,38.2,47.4,19.0,1,1,Tuesday,30,27,6,2,2026,0,0,1,35978.72,48395.75,43223.65
2026-07-01,73564.24,30,44,22,30,2452.14,0,0.0,45,78,36.0,49.1,129.0,1,2,Wednesday,1,27,7,3,2026,0,1,0,22631.85,43664.89,39543.09
2026-07-02,39193.14,36,55,29,36,1088.7,0,0.0,44,79,37.4,49.6,253.4,1,3,Thursday,2,27,7,3,2026,0,0,0,73564.24,29067.41,43814.43
2026-07-03,58454.22,30,38,23,30,1948.47,0,0.0,43,80,37.6,52.0,95.5,1,4,Friday,3,27,7,3,2026,0,0,0,39193.14,50689.65,45260.96
2026-07-04,85444.63,33,44,23,33,2589.23,0,0.0,42,81,37.1,45.7,62.4,1,5,Saturday,4,27,7,3,2026,1,0,0,58454.22,51390.17,46370.19
2026-07-05,60678.3,25,34,21,24,2427.13,0,0.0,41,82,37.9,47.7,105.9,1,6,Sunday,5,27,7,3,2026,1,0,0,85444.63,43378.97,51235.11
2026-07-06,40003.49,32,36,28,32,1250.11,0,0.0,40,83,36.3,47.8,93.6,1,0,Monday,6,28,7,3,2026,0,0,0,60678.3,35978.72,53706.44
2026-07-07,84038.22,49,62,28,49,1715.07,0,0.0,39,84,36.6,53.0,246.2,1,1,Tuesday,7,28,7,3,2026,0,0,0,40003.49,22631.85,54281.41
2026-07-08,51732.49,24,29,19,24,2155.52,0,0.0,38,85,37.4,46.9,89.0,1,2,Wednesday,8,28,7,3,2026,0,0,0,84038.22,73564.24,63053.75
2026-07-09,48348.86,35,45,25,35,1381.4,0,0.0,37,86,37.8,51.4,243.2,1,3,Thursday,9,28,7,3,2026,0,0,0,51732.49,39193.14,59934.93
2026-07-10,56319.08,32,34,19,32,1759.97,0,0.0,36,87,37.6,49.7,116.6,1,4,Friday,10,28,7,3,2026,0,0,0,48348.86,58454.22,61242.89
2026-07-11,51844.47,26,32,17,26,1994.02,0,0.0,35,88,38.0,51.5,59.9,1,5,Saturday,11,28,7,3,2026,1,0,0,56319.08,85444.63,60937.87
2026-07-12,66094.77,27,43,18,27,2447.95,0,0.0,34,89,38.3,49.0,109.4,1,6,Sunday,12,28,7,3,2026,1,0,0,51844.47,60678.3,56137.84
2026-07-13,34951.96,24,26,18,24,1456.33,0,0.0,33,90,38.0,47.1,75.1,1,0,Monday,13,29,7,3,2026,0,0,0,66094.77,40003.49,56911.63
2026-07-14,50406.67,32,46,21,32,1575.21,0,0.0,32,91,36.1,46.7,110.2,1,1,Tuesday,14,29,7,3,2026,0,0,0,34951.96,84038.22,56189.98
2026-07-15,41127.36,25,35,19,25,1645.09,0,0.0,31,92,37.1,48.3,129.2,1,2,Wednesday,15,29,7,3,2026,0,0,0,50406.67,51732.49,51385.47
2026-07-16,32628.27,25,30,20,25,1305.13,0,0.0,30,93,36.8,45.3,36.8,1,3,Thursday,16,29,7,3,2026,0,0,0,41127.36,48348.86,49870.45
2026-07-17,52773.23,33,43,26,32,1599.19,0,0.0,29,94,36.8,50.4,65.5,1,4,Friday,17,29,7,3,2026,0,0,0,32628.27,56319.08,47624.65
2026-07-18,22386.89,15,26,14,15,1492.46,0,0.0,28,95,37.0,49.7,27.8,1,5,Saturday,18,29,7,3,2026,1,0,0,52773.23,51844.47,47118.1
2026-07-19,40738.42,25,32,17,25,1629.54,0,0.0,27,96,37.3,47.5,71.3,1,6,Sunday,19,29,7,3,2026,1,0,0,22386.89,66094.77,42909.88
2026-07-20,44332.65,35,42,24,35,1266.65,0,0.0,26,97,36.6,53.3,101.9,1,0,Monday,20,30,7,3,2026,0,0,0,40738.42,34951.96,39287.54
2026-07-21,49068.01,27,34,22,27,1817.33,0,0.0,25,98,37.6,49.4,79.6,1,1,Tuesday,21,30,7,3,2026,0,0,0,44332.65,50406.67,40627.64
2026-07-22,27560.64,23,29,19,23,1198.29,0,0.0,24,99,37.2,48.9,69.6,1,2,Wednesday,22,30,7,3,2026,0,0,0,49068.01,41127.36,40436.4
2026-07-23,59675.02,21,30,16,21,2841.67,0,0.0,23,100,37.5,47.2,33.5,1,3,Thursday,23,30,7,3,2026,0,0,0,27560.64,32628.27,38498.3
2026-07-24,79956.8,38,51,22,37,2104.13,0,0.0,22,101,37.3,55.2,141.4,1,4,Friday,24,30,7,3,2026,0,0,0,59675.02,52773.23,42362.12
2026-07-25,46229.75,27,35,23,27,1712.21,0,0.0,21,102,38.3,48.8,67.2,1,5,Saturday,25,30,7,3,2026,1,0,0,79956.8,22386.89,46245.49
2026-07-26,37967.16,29,32,23,29,1309.21,0,0.0,20,103,38.6,48.2,117.8,1,6,Sunday,26,30,7,3,2026,1,0,0,46229.75,40738.42,49651.61
2026-07-27,40601.28,27,35,18,27,1503.75,0,0.0,19,104,38.2,49.6,131.8,1,0,Monday,27,31,7,3,2026,0,0,0,37967.16,44332.65,49255.72
2026-07-28,33434.29,27,33,18,27,1238.31,0,0.0,18,105,37.2,51.0,72.0,1,1,Tuesday,28,31,7,3,2026,0,0,0,40601.28,49068.01,48722.67
2026-07-29,29474.93,28,35,21,28,1052.68,0,0.0,17,106,37.3,47.4,90.5,1,2,Wednesday,29,31,7,3,2026,0,0,0,33434.29,27560.64,46489.28
2026-07-30,75025.43,34,45,22,34,2206.63,0,0.0,16,107,35.6,54.8,119.1,1,3,Thursday,30,31,7,3,2026,0,0,0,29474.93,59675.02,46762.75
2026-07-31,55834.81,32,42,23,32,1744.84,0,0.0,15,108,37.6,46.4,78.8,1,4,Friday,31,31,7,3,2026,0,0,1,75025.43,79956.8,48955.66
2026-08-01,51449.42,29,37,23,29,1774.12,0,0.0,14,109,37.8,49.4,141.9,1,5,Saturday,1,31,8,3,2026,1,1,0,55834.81,46229.75,45509.66
2026-08-02,40506.26,19,24,16,19,2131.91,0,0.0,13,110,38.1,51.1,66.0,1,6,Sunday,2,31,8,3,2026,1,0,0,51449.42,37967.16,46255.33
2026-08-03,39317.21,30,39,20,30,1310.57,0,0.0,12,111,36.0,47.6,140.6,1,0,Monday,3,32,8,3,2026,0,0,0,40506.26,40601.28,46618.06
2026-08-04,60468.41,33,39,27,33,1832.38,0,0.0,11,112,37.3,57.1,135.6,1,1,Tuesday,4,32,8,3,2026,0,0,0,39317.21,33434.29,46434.62
2026-08-05,37644.04,30,37,21,30,1254.8,0,0.0,10,113,37.6,55.0,129.8,1,2,Wednesday,5,32,8,3,2026,0,0,0,60468.41,29474.93,50296.64
2026-08-06,45967.8,27,31,18,27,1702.51,0,0.0,9,114,37.0,50.5,76.3,1,3,Thursday,6,32,8,3,2026,0,0,0,37644.04,75025.43,51463.65
2026-08-07,19967.4,23,28,18,22,868.15,0,0.0,8,115,36.0,53.2,99.3,1,4,Friday,7,32,8,3,2026,0,0,0,45967.8,55834.81,47312.56
2026-08-08,58469.94,40,52,26,40,1461.75,0,0.0,7,116,35.1,47.3,179.0,1,5,Saturday,8,32,8,3,2026,1,0,0,19967.4,51449.42,42188.65
2026-08-09,62276.11,28,29,23,28,2224.15,0,0.0,6,117,35.2,49.0,99.4,1,6,Sunday,9,32,8,3,2026,1,0,0,58469.94,40506.26,43191.58
2026-08-10,37641.69,28,33,22,28,1344.35,0,0.0,5,118,35.7,50.0,151.4,1,0,Monday,10,33,8,3,2026,0,0,0,62276.11,39317.21,46301.56
2026-08-11,23550.52,32,39,21,32,735.95,0,0.0,4,119,35.9,45.4,158.7,1,1,Tuesday,11,33,8,3,2026,0,0,0,37641.69,60468.41,46062.2
2026-08-12,58584.29,25,31,20,24,2343.37,0,0.0,3,120,36.9,44.8,38.3,1,2,Wednesday,12,33,8,3,2026,0,0,0,23550.52,37644.04,40788.21
2026-08-13,57701.32,28,41,20,27,2060.76,0,0.0,2,121,36.2,48.9,114.9,1,3,Thursday,13,33,8,3,2026,0,0,0,58584.29,45967.8,43779.68
2026-08-14,52541.08,38,49,25,37,1382.66,0,0.0,1,122,36.3,48.4,127.4,1,4,Friday,14,33,8,3,2026,0,0,0,57701.32,19967.4,45455.9
2026-08-15,63297.92,24,27,17,24,2637.41,1,1.0,0,0,37.0,50.2,94.9,1,5,Saturday,15,33,8,3,2026,1,0,0,52541.08,58469.94,50109.28
2026-08-16,46484.49,36,40,24,36,1291.24,0,0.0,12,1,37.3,56.2,68.3,1,6,Sunday,16,33,8,3,2026,1,0,0,63297.92,62276.11,50798.99
2026-08-17,65724.14,34,44,24,34,1933.06,0,0.0,11,2,35.1,53.1,84.9,1,0,Monday,17,34,8,3,2026,0,0,0,46484.49,37641.69,48543.04
2026-08-18,49559.04,32,40,23,32,1548.72,0,0.0,10,3,35.1,53.5,118.6,1,1,Tuesday,18,34,8,3,2026,0,0,0,65724.14,23550.52,52554.82
2026-08-19,28822.61,27,36,21,27,1067.5,0,0.0,9,4,36.0,49.1,90.9,1,2,Wednesday,19,34,8,3,2026,0,0,0,49559.04,58584.29,56270.33
2026-08-20,38926.52,24,33,20,24,1621.94,0,0.0,8,5,35.5,47.7,104.7,1,3,Thursday,20,34,8,3,2026,0,0,0,28822.61,57701.32,52018.66
2026-08-21,29544.54,29,41,20,29,1018.78,0,0.0,7,6,35.2,52.0,103.5,1,4,Friday,21,34,8,3,2026,0,0,0,38926.52,52541.08,49336.54
2026-08-22,30138.17,27,29,19,27,1116.23,0,0.0,6,7,35.5,54.3,104.4,1,5,Saturday,22,34,8,3,2026,1,0,0,29544.54,63297.92,46051.32
2026-08-23,47290.67,24,34,17,24,1970.44,0,0.0,5,8,36.1,43.4,107.0,1,6,Sunday,23,34,8,3,2026,1,0,0,30138.17,46484.49,41314.22
2026-08-24,22031.23,23,28,19,22,957.88,0,0.0,4,9,35.3,46.5,66.3,1,0,Monday,24,35,8,3,2026,0,0,0,47290.67,65724.14,41429.38
2026-08-25,49145.75,28,32,20,28,1755.21,0,0.0,3,10,34.4,48.6,136.1,1,1,Tuesday,25,35,8,3,2026,0,0,0,22031.23,49559.04,35187.54
2026-08-26,53536.22,34,47,26,34,1574.59,0,0.0,2,11,35.2,51.7,91.1,1,2,Wednesday,26,35,8,3,2026,0,0,0,49145.75,28822.61,35128.5
2026-08-27,63801.31,27,41,23,27,2363.01,0,0.0,1,12,34.3,46.8,145.3,1,3,Thursday,27,35,8,3,2026,0,0,0,53536.22,38926.52,38659.01
2026-08-28,45122.37,26,31,23,26,1735.48,1,0.8,0,0,33.4,54.1,42.1,1,4,Friday,28,35,8,3,2026,0,0,0,63801.31,29544.54,42212.56
2026-08-29,55077.43,34,50,23,34,1619.92,0,0.0,6,1,34.7,48.1,165.1,1,5,Saturday,29,35,8,3,2026,1,0,0,45122.37,30138.17,44437.96
2026-08-30,30920.63,32,37,23,32,966.27,0,0.0,5,2,35.0,47.4,76.9,1,6,Sunday,30,35,8,3,2026,1,0,0,55077.43,47290.67,48000.71
2026-08-31,60434.99,32,38,20,32,1888.59,0,0.0,4,3,33.5,53.5,146.0,1,0,Monday,31,36,8,3,2026,0,0,1,30920.63,22031.23,45662.13
2026-09-01,57487.96,34,45,26,34,1690.82,0,0.0,3,4,34.6,52.5,71.9,1,1,Tuesday,1,36,9,3,2026,0,1,0,60434.99,49145.75,51148.39
2026-09-02,33462.15,16,17,12,16,2091.38,0,0.0,2,5,33.5,49.7,22.8,1,2,Wednesday,2,36,9,3,2026,0,0,0,57487.96,53536.22,52340.13
2026-09-03,50330.75,22,28,17,22,2287.76,0,0.0,1,6,34.1,50.1,21.1,1,3,Thursday,3,36,9,3,2026,0,0,0,33462.15,63801.31,49472.41
2026-09-04,21796.59,29,32,19,28,751.61,1,0.8,0,0,35.1,50.7,28.9,1,4,Friday,4,36,9,3,2026,0,0,0,50330.75,45122.37,47548.04
2026-09-05,44443.79,31,46,20,31,1433.67,0,0.0,999,1,33.0,55.3,64.2,1,5,Saturday,5,36,9,3,2026,1,0,0,21796.59,55077.43,44215.79
2026-09-06,44107.38,23,27,22,23,1917.71,0,0.0,999,2,34.0,46.6,32.5,1,6,Sunday,6,36,9,3,2026,1,0,0,44443.79,30920.63,42696.69
2026-09-07,25675.71,27,36,21,27,950.95,0,0.0,999,3,32.1,55.0,54.0,1,0,Monday,7,37,9,3,2026,0,0,0,44107.38,60434.99,44580.52
2026-09-08,31908.16,27,33,24,27,1181.78,0,0.0,999,4,33.3,48.2,73.5,1,1,Tuesday,8,37,9,3,2026,0,0,0,25675.71,57487.96,39614.9
2026-09-09,37151.23,29,34,20,29,1281.08,0,0.0,999,5,34.1,50.0,59.7,1,2,Wednesday,9,37,9,3,2026,0,0,0,31908.16,33462.15,35960.65
2026-09-10,30147.38,26,31,18,26,1159.51,0,0.0,999,6,32.0,46.1,79.1,1,3,Thursday,10,37,9,3,2026,0,0,0,37151.23,50330.75,36487.66
2026-09-11,63289.69,32,41,25,32,1977.8,0,0.0,999,7,32.2,51.9,33.7,1,4,Friday,11,37,9,3,2026,0,0,0,30147.38,21796.59,33604.32
2026-09-12,53875.47,33,50,22,33,1632.59,0,0.0,999,8,33.5,46.8,44.5,1,5,Saturday,12,37,9,3,2026,1,0,0,63289.69,44443.79,39531.91
2026-09-13,36858.98,24,29,17,24,1535.79,0,0.0,999,9,33.5,51.8,33.3,1,6,Sunday,13,37,9,3,2026,1,0,0,53875.47,44107.38,40879.29
2026-09-14,16741.81,22,32,20,22,760.99,0,0.0,999,10,31.4,54.3,5.0,1,0,Monday,14,38,9,3,2026,0,0,0,36858.98,25675.71,39843.8
2026-09-15,51213.74,28,35,23,28,1829.06,0,0.0,999,11,31.5,50.2,33.1,1,1,Tuesday,15,38,9,3,2026,0,0,0,16741.81,31908.16,38567.53
2026-09-16,59515.54,29,31,20,29,2052.26,0,0.0,999,12,31.1,49.1,15.9,1,2,Wednesday,16,38,9,3,2026,0,0,0,51213.74,37151.23,41325.47
2026-09-17,27380.74,15,15,13,15,1825.38,0,0.0,999,13,31.0,58.1,8.4,1,3,Thursday,17,38,9,3,2026,0,0,0,59515.54,30147.38,44520.37
2026-09-18,39411.87,28,35,20,28,1407.57,0,0.0,999,14,31.9,45.9,22.2,1,4,Friday,18,38,9,3,2026,0,0,0,27380.74,63289.69,44125.14
2026-09-19,37086.89,32,38,27,32,1158.97,0,0.0,999,15,31.8,47.4,37.6,1,5,Saturday,19,38,9,3,2026,1,0,0,39411.87,53875.47,40714.02
2026-09-20,46449.68,32,40,22,32,1451.55,0,0.0,999,16,31.6,44.9,111.3,1,6,Sunday,20,38,9,3,2026,1,0,0,37086.89,36858.98,38315.65
2026-09-21,70394.35,41,48,28,41,1716.94,0,0.0,999,17,31.1,54.9,87.8,1,0,Monday,21,39,9,3,2026,0,0,0,46449.68,16741.81,39685.75
2026-09-22,25937.29,27,35,20,26,960.64,0,0.0,999,18,29.8,53.2,33.5,1,1,Tuesday,22,39,9,3,2026,0,0,0,70394.35,51213.74,47350.4
2026-09-23,49365.04,35,46,23,35,1410.43,0,0.0,999,19,29.1,57.4,32.7,1,2,Wednesday,23,39,9,3,2026,0,0,0,25937.29,59515.54,43739.48
