merchant_id,merchant_name,business_type,city,state,pincode,latitude,longitude,merchant_total_revenue,merchant_total_orders,average_order_value,unique_customers,unique_products,active_days,revenue_per_day,orders_per_day
M015,Merchant_015,Bakery,Noida,Uttar Pradesh,201301,28.5355,77.391,104729.85,189,554.13,188,8,155,675.68,1.22
M045,Merchant_045,Grocery,Prayagraj,Uttar Pradesh,211001,25.4358,81.8463,166007.32,200,830.04,193,10,154,1077.97,1.3
M040,Merchant_040,Cafe,Noida,Uttar Pradesh,201301,28.5355,77.391,50848.09,149,341.26,144,8,128,397.25,1.16
M044,Merchant_044,Clothing,Lucknow,Uttar Pradesh,226001,26.8467,80.9462,511664.71,233,2195.99,228,8,164,3119.91,1.42
M007,Merchant_007,Grocery,Patna,Bihar,800001,25.5941,85.1376,136726.93,191,715.85,185,10,156,876.45,1.22
M046,Merchant_046,General Store,Kanpur,Uttar Pradesh,208001,26.4499,80.3319,374546.3,399,938.71,376,8,246,1522.55,1.62
M023,Merchant_023,Restaurant,Kanpur,Uttar Pradesh,208001,26.4499,80.3319,77049.71,97,794.33,94,8,82,939.63,1.18
M033,Merchant_033,Grocery,Agra,Uttar Pradesh,282001,27.1767,78.0081,158928.22,207,767.77,204,10,154,1032.0,1.34
M021,Merchant_021,Stationery,Jaipur,Rajasthan,302001,26.9124,75.7873,78247.44,207,378.01,203,8,159,492.12,1.3
M012,Merchant_012,General Store,Lucknow,Uttar Pradesh,226001,26.8467,80.9462,119779.95,133,900.6,131,8,106,1130.0,1.25
M041,Merchant_041,Restaurant,Agra,Uttar Pradesh,282001,27.1767,78.0081,77441.16,117,661.89,113,8,102,759.23,1.15
M038,Merchant_038,Mobile Accessories,Agra,Uttar Pradesh,282001,27.1767,78.0081,340023.51,242,1405.06,235,8,172,1976.88,1.41
M047,Merchant_047,Electronics,Varanasi,Uttar Pradesh,221001,25.3176,82.9739,1163899.14,176,6613.06,171,8,135,8621.48,1.3
M025,Merchant_025,Bakery,Lucknow,Uttar Pradesh,226001,26.8467,80.9462,64000.73,122,524.6,121,8,100,640.01,1.22
M029,Merchant_029,Stationery,Noida,Uttar Pradesh,201301,28.5355,77.391,147375.85,377,390.92,356,8,226,652.11,1.67
M005,Merchant_005,Electronics,Noida,Uttar Pradesh,201301,28.5355,77.391,1534785.08,228,6731.51,221,8,165,9301.73,1.38
M008,Merchant_008,Cafe,Varanasi,Uttar Pradesh,221001,25.3176,82.9739,96366.48,267,360.92,256,8,197,489.17,1.36
M024,Merchant_024,General Store,Noida,Uttar Pradesh,201301,28.5355,77.391,85829.23,103,833.29,103,8,86,998.01,1.2
M017,Merchant_017,Stationery,Jaipur,Rajasthan,302001,26.9124,75.7873,95618.07,239,400.08,231,8,177,540.22,1.35
M003,Merchant_003,Cafe,Lucknow,Uttar Pradesh,226001,26.8467,80.9462,111412.68,279,399.33,272,8,193,577.27,1.45
M026,Merchant_026,Cafe,Lucknow,Uttar Pradesh,226001,26.8467,80.9462,92731.98,260,356.66,253,8,183,506.73,1.42
M002,Merchant_002,Bakery,Prayagraj,Uttar Pradesh,211001,25.4358,81.8463,116825.21,232,503.56,226,8,175,667.57,1.33
M022,Merchant_022,Clothing,Varanasi,Uttar Pradesh,221001,25.3176,82.9739,202931.43,97,2092.08,95,8,83,2444.96,1.17
M039,Merchant_039,Pharmacy,Gorakhpur,Uttar Pradesh,273001,26.7606,83.3732,264841.47,210,1261.15,206,8,156,1697.7,1.35
M001,Merchant_001,Grocery,Lucknow,Uttar Pradesh,226001,26.8467,80.9462,212603.83,253,840.33,244,10,186,1143.03,1.36
M048,Merchant_048,Mobile Accessories,Delhi,Delhi,110001,28.6139,77.209,174275.4,130,1340.58,128,8,112,1556.03,1.16
M042,Merchant_042,Bakery,Agra,Uttar Pradesh,282001,27.1767,78.0081,94943.11,196,484.4,190,8,154,616.51,1.27
M010,Merchant_010,Grocery,Prayagraj,Uttar Pradesh,211001,25.4358,81.8463,128725.82,178,723.18,176,10,136,946.51,1.31
M049,Merchant_049,Cafe,Kanpur,Uttar Pradesh,208001,26.4499,80.3319,81190.01,222,365.72,215,8,160,507.44,1.39
M006,Merchant_006,Mobile Accessories,Gorakhpur,Uttar Pradesh,273001,26.7606,83.3732,387610.95,286,1355.28,271,8,189,2050.85,1.51
M009,Merchant_009,Pharmacy,Varanasi,Uttar Pradesh,221001,25.3176,82.9739,193431.61,155,1247.95,150,8,131,1476.58,1.18
M011,Merchant_011,Stationery,Lucknow,Uttar Pradesh,226001,26.8467,80.9462,59096.85,158,374.03,157,8,127,465.33,1.24
M035,Merchant_035,Mobile Accessories,Lucknow,Uttar Pradesh,226001,26.8467,80.9462,243072.41,164,1482.15,160,8,134,1813.97,1.22
M016,Merchant_016,Bakery,Prayagraj,Uttar Pradesh,211001,25.4358,81.8463,131291.15,265,495.44,255,8,185,709.68,1.43
M014,Merchant_014,Bakery,Kanpur,Uttar Pradesh,208001,26.4499,80.3319,88874.72,175,507.86,174,8,128,694.33,1.37
M034,Merchant_034,Stationery,Lucknow,Uttar Pradesh,226001,26.8467,80.9462,49099.07,135,363.7,131,8,110,446.36,1.23
M019,Merchant_019,Mobile Accessories,Kanpur,Uttar Pradesh,208001,26.4499,80.3319,277230.8,203,1365.67,195,8,152,1823.89,1.34
M030,Merchant_030,Electronics,Noida,Uttar Pradesh,201301,28.5355,77.391,1011423.73,172,5880.37,166,8,137,7382.65,1.26
M004,Merchant_004,Electronics,Lucknow,Uttar Pradesh,226001,26.8467,80.9462,842963.38,140,6021.17,138,8,109,7733.61,1.28
M043,Merchant_043,Bakery,Kanpur,Uttar Pradesh,208001,26.4499,80.3319,92063.19,157,586.39,155,8,129,713.67,1.22
M036,Merchant_036,Grocery,Noida,Uttar Pradesh,201301,28.5355,77.391,231194.81,299,773.23,290,10,206,1122.3,1.45
M050,Merchant_050,Bakery,Lucknow,Uttar Pradesh,226001,26.8467,80.9462,122083.62,234,521.72,225,8,178,685.86,1.31
M031,Merchant_031,Electronics,Gorakhpur,Uttar Pradesh,273001,26.7606,83.3732,1963347.33,299,6566.38,283,8,203,9671.66,1.47
M013,Merchant_013,Bakery,Prayagraj,Uttar Pradesh,211001,25.4358,81.8463,144351.91,256,563.87,244,8,185,780.28,1.38
M027,Merchant_027,Electronics,Lucknow,Uttar Pradesh,226001,26.8467,80.9462,947844.13,137,6918.57,135,8,113,8388.0,1.21
M028,Merchant_028,Mobile Accessories,Gorakhpur,Uttar Pradesh,273001,26.7606,83.3732,193079.57,165,1170.18,164,8,131,1473.89,1.26
M018,Merchant_018,Restaurant,Noida,Uttar Pradesh,201301,28.5355,77.391,186269.61,268,695.04,257,8,192,970.15,1.4
M032,Merchant_032,Pharmacy,Prayagraj,Uttar Pradesh,211001,25.4358,81.8463,137453.81,127,1082.31,124,8,98,1402.59,1.3
M037,Merchant_037,Mobile Accessories,Prayagraj,Uttar Pradesh,211001,25.4358,81.8463,157548.33,103,1529.6,102,8,93,1694.07,1.11
M020,Merchant_020,Electronics,Jaipur,Rajasthan,302001,26.9124,75.7873,1186359.65,164,7233.9,160,8,134,8853.43,1.22
