product_id,product_name,product_category,unit_cost,selling_price,product_sales,product_revenue,product_order_count,unique_customers,average_quantity,average_selling_price
PRD_ACC_01,Leather Wallet,Accessories,250.0,499.0,268,1250451.81,217,208,1.24,4665.86
PRD_ACC_02,Fashion Sunglasses,Accessories,320.0,699.0,230,981746.59,184,178,1.25,4268.46
PRD_ART_01,Acrylic Color Set 12-Pack,Art Supplies,180.0,320.0,198,64552.29,148,147,1.34,326.02
PRD_ART_02,Sketching Canvas Board 10x12,Art Supplies,95.0,175.0,183,58082.06,137,133,1.34,317.39
PRD_BABY_01,Baby Diaper Mega Pack (M),Baby Care,550.0,799.0,75,65682.34,60,59,1.25,875.76
PRD_BABY_02,Gentle Baby Wet Wipes 72s,Baby Care,90.0,160.0,84,84295.15,66,65,1.27,1003.51
PRD_BEV_01,Fresh Mango Juice 1L,Beverages,65.0,110.0,357,233276.13,284,274,1.26,653.43
PRD_BEV_02,Cold Pressed Orange Juice 500ml,Beverages,55.0,95.0,374,246894.06,301,291,1.24,660.14
PRD_BRD_01,Brown Whole Wheat Bread 400g,Bread,28.0,50.0,295,132044.73,234,226,1.26,447.61
PRD_BRD_02,Artisanal Sourdough Bread Loaf,Bread,75.0,140.0,268,104966.71,209,204,1.28,391.67
PRD_CAB_01,Braided USB-C to USB-C Cable 1.5m,Cables,120.0,299.0,195,205547.47,158,154,1.23,1054.09
PRD_CAB_02,Lightning Charging Cable 1m,Cables,140.0,349.0,190,222629.92,156,154,1.22,1171.74
PRD_CAK_01,Dutch Chocolate Truffle Cake 500g,Cakes,280.0,550.0,329,139138.12,262,249,1.26,422.91
PRD_CAK_02,Eggless Pineapple Cake 500g,Cakes,220.0,450.0,277,115532.03,225,217,1.23,417.08
PRD_CAS_01,Shockproof Matte Phone Case,Cases,90.0,249.0,216,230906.14,166,164,1.3,1069.01
PRD_CAS_02,Premium Leather Back Case,Cases,180.0,450.0,187,210168.77,149,144,1.26,1123.9
PRD_CHG_01,Fast Charger 33W USB-C Adapter,Chargers,320.0,699.0,198,209803.16,163,156,1.21,1059.61
PRD_CHG_02,Wireless Charging Pad 15W,Chargers,450.0,999.0,208,241736.1,164,159,1.27,1162.19
PRD_COF_01,Arabica Roast Ground Coffee 250g,Coffee,210.0,380.0,178,51238.88,133,131,1.34,287.86
PRD_COF_02,Instant Cold Brew Premix 200g,Coffee,150.0,280.0,174,51289.33,137,136,1.27,294.77
PRD_ESS_01,Organic Hand Wash 500ml,Daily Essentials,75.0,145.0,71,53352.1,57,57,1.25,751.44
PRD_ESS_02,Antibacterial Floor Cleaner 1L,Daily Essentials,85.0,160.0,86,68170.84,75,75,1.15,792.68
PRD_DAI_01,Fresh Cow Milk Pouch 1L,Dairy,48.0,66.0,163,104365.17,135,130,1.21,640.28
PRD_DAI_02,Fresh Malai Paneer 200g,Dairy,65.0,95.0,181,116890.05,147,147,1.23,645.8
PRD_DES_01,Gulab Jamun Box 500g,Desserts,120.0,220.0,254,88812.45,201,200,1.26,349.66
PRD_DES_02,Belgian Waffle with Syrup,Desserts,90.0,180.0,291,97835.53,213,208,1.37,336.2
PRD_EAR_01,TWS True Wireless Earbuds,Earphones,650.0,1299.0,202,214882.96,158,155,1.28,1063.78
PRD_EAR_02,Deep Bass Wired Earphones 3.5mm,Earphones,140.0,349.0,221,237166.45,179,175,1.23,1073.15
PRD_ELE_01,Smart LED Desk Lamp 10W,Home Electronics,450.0,899.0,207,1080895.51,162,159,1.28,5221.72
PRD_ELE_02,Electric Kettle 1.5L Stainless Steel,Home Electronics,550.0,1099.0,222,1076812.04,173,167,1.28,4850.5
PRD_HOU_01,Microfiber Cleaning Cloth 4-Pack,Household,80.0,180.0,252,165761.3,202,195,1.25,657.78
PRD_HOU_02,Aromatherapy Reed Diffuser 100ml,Household,160.0,320.0,290,181382.78,220,210,1.32,625.46
PRD_KID_01,Kids Cotton Graphic T-Shirt,Kids,160.0,349.0,61,98595.32,41,41,1.49,1616.32
PRD_KID_02,Children Educational Puzzle Game,Kids,130.0,275.0,43,63048.52,33,33,1.3,1466.24
PRD_LAP_01,Laptop Stand Aluminum Ergonomic,Laptops,420.0,899.0,222,1169206.47,173,170,1.28,5266.7
PRD_LAP_02,Wireless Optical Mouse 2.4GHz,Laptops,210.0,499.0,212,1188873.16,173,171,1.23,5607.89
PRD_MEA_01,Special North Indian Thali Combo,Meals,110.0,220.0,72,36417.86,58,57,1.24,505.8
PRD_MEA_02,Paneer Butter Masala Meal Box,Meals,125.0,250.0,79,36469.95,58,57,1.36,461.64
PRD_MED_01,Paracetamol 650mg Strip of 15,Medicine,18.0,35.0,80,71719.76,61,61,1.31,896.5
PRD_MED_02,Multivitamin & Minerals 30 Tablets,Medicine,120.0,240.0,67,73575.14,55,55,1.22,1098.14
PRD_MEN_01,Men Casual Slim-Fit Cotton Shirt,Men,380.0,799.0,57,99345.02,46,46,1.24,1742.9
PRD_MEN_02,Men Comfort Stretch Denim Jeans,Men,550.0,1199.0,73,127503.96,58,57,1.26,1746.63
PRD_MOB_01,Entry-level 4G Smartphone 32GB,Mobiles,4800.0,6499.0,185,1001767.78,149,148,1.24,5414.96
PRD_MOB_02,Budget 5G Smartphone 128GB,Mobiles,8800.0,11999.0,208,1054020.75,157,151,1.32,5067.41
PRD_NOT_01,Spiral Hardcover Journal 200 Pages,Notebooks,85.0,160.0,176,52523.1,146,144,1.21,298.43
PRD_NOT_02,Executive PU Leather Diary,Notebooks,130.0,260.0,190,53992.71,148,147,1.28,284.17
PRD_OFF_01,Heavy Duty Desktop Stapler Set,Office Supplies,90.0,175.0,171,53435.76,142,141,1.2,312.49
PRD_OFF_02,A4 Copier Paper Ream 500 Sheets,Office Supplies,190.0,310.0,172,50147.18,136,135,1.26,291.55
PRD_PAS_01,Red Velvet Pastry Slice,Pastries,45.0,95.0,290,115361.08,229,222,1.27,397.8
PRD_PAS_02,Choco Lava Lava Cake Single,Pastries,50.0,110.0,291,113494.86,221,215,1.32,390.02
PRD_PER_01,Herbal Aloe Vera Face Wash 150ml,Personal Care,80.0,155.0,72,67998.05,57,57,1.26,944.42
PRD_PER_02,Moisturizing Shea Body Lotion 250ml,Personal Care,120.0,235.0,76,78262.55,66,66,1.15,1029.77
PRD_SNK_01,Spicy Masala Potato Chips 150g,Snacks,22.0,45.0,824,403820.34,649,592,1.27,490.07
PRD_SNK_02,Roasted Salted Almonds 200g,Snacks,130.0,225.0,789,380894.9,636,584,1.24,482.76
PRD_STA_01,Premium Basmati Rice 5kg,Staples,380.0,540.0,162,95350.83,126,125,1.29,588.59
PRD_STA_02,Sharbati Whole Wheat Atta 5kg,Staples,160.0,245.0,149,95175.65,115,111,1.3,638.76
PRD_TEA_01,Assam Masala CTC Chai 500g,Tea,130.0,240.0,197,52644.25,146,142,1.35,267.23
PRD_TEA_02,Organic Darjeeling Green Tea 100g,Tea,110.0,210.0,219,66235.69,175,168,1.25,302.45
PRD_WEL_01,Immunity Booster Chyawanprash 1kg,Wellness,220.0,375.0,91,88683.75,73,73,1.25,974.55
PRD_WEL_02,Pure Apple Cider Vinegar 500ml,Wellness,140.0,280.0,71,65510.15,54,54,1.31,922.68
PRD_WOM_01,Women Pure Cotton Printed Kurti,Women,310.0,699.0,55,80642.89,43,43,1.28,1466.23
PRD_WOM_02,Embroidered Rayon Anarkali Suit,Women,650.0,1499.0,47,92308.76,37,37,1.27,1964.02
PRD_WRI_01,Gel Roller Pen Blue Pack of 5,Writing,45.0,90.0,142,44380.2,116,114,1.22,312.54
PRD_WRI_02,Permanent Whiteboard Marker Set 4s,Writing,55.0,115.0,189,52323.98,143,138,1.32,276.85
